abs_code,season,immunised,reference_population,immunisation_intensity_raw,immunisation_intensity,intensity_issue
0,2023-2024,22,29,0.758620689655172,0.417241379310345,valid
1,2023-2024,82,48,1.70833333333333,0.939583333333333,valid
2,2023-2024,202,119,1.69747899159664,0.933613445378151,valid
3,2023-2024,78,47,1.65957446808511,0.912765957446809,valid
4,2023-2024,320,189,1.69312169312169,0.931216931216931,valid
5,2023-2024,108,63,1.71428571428571,0.942857142857143,valid
7,2023-2024,70,49,1.42857142857143,0.785714285714286,valid
8,2023-2024,136,91,1.49450549450549,0.821978021978022,valid
9,2023-2024,242,144,1.68055555555556,0.924305555555556,valid
10,2023-2024,194,112,1.73214285714286,0.952678571428572,valid
11,2023-2024,132,69,1.91304347826087,1.05217391304348,valid
12,2023-2024,76,39,1.94871794871795,1.07179487179487,valid
13,2023-2024,538,322,1.67080745341615,0.918944099378882,valid
14,2023-2024,262,158,1.65822784810127,0.912025316455696,valid
15,2023-2024,322,190,1.69473684210526,0.932105263157895,valid
16,2023-2024,84,53,1.58490566037736,0.871698113207547,valid
17,2023-2024,148,110,1.34545454545455,0.74,valid
18,2023-2024,138,89,1.55056179775281,0.852808988764045,valid
19,2023-2024,452,265,1.70566037735849,0.93811320754717,valid
20,2023-2024,294,171,1.71929824561404,0.945614035087719,valid
21,2023-2024,352,208,1.69230769230769,0.930769230769231,valid
22,2023-2024,252,162,1.55555555555556,0.855555555555556,valid
23,2023-2024,300,181,1.65745856353591,0.911602209944751,valid
24,2023-2024,182,117,1.55555555555556,0.855555555555556,valid
25,2023-2024,334,229,1.45851528384279,0.802183406113537,valid
27,2023-2024,162,105,1.54285714285714,0.848571428571429,valid
28,2023-2024,200,129,1.55038759689923,0.852713178294574,valid
29,2023-2024,160,93,1.72043010752688,0.946236559139785,valid
30,2023-2024,206,133,1.54887218045113,0.85187969924812,valid
31,2023-2024,186,121,1.53719008264463,0.845454545454546,valid
32,2023-2024,248,154,1.61038961038961,0.885714285714286,valid
33,2023-2024,192,117,1.64102564102564,0.902564102564103,valid
34,2023-2024,184,104,1.76923076923077,0.973076923076923,valid
35,2023-2024,414,262,1.58015267175573,0.869083969465649,valid
36,2023-2024,194,132,1.46969696969697,0.808333333333333,valid
38,2023-2024,270,164,1.64634146341463,0.905487804878049,valid
39,2023-2024,256,166,1.5421686746988,0.848192771084337,valid
40,2023-2024,208,134,1.55223880597015,0.853731343283582,valid
41,2023-2024,312,188,1.65957446808511,0.912765957446809,valid
42,2023-2024,240,154,1.55844155844156,0.857142857142857,valid
43,2023-2024,364,221,1.64705882352941,0.905882352941176,valid
44,2023-2024,194,121,1.60330578512397,0.881818181818182,valid
45,2023-2024,154,95,1.62105263157895,0.891578947368421,valid
46,2023-2024,332,193,1.72020725388601,0.946113989637306,valid
47,2023-2024,242,144,1.68055555555556,0.924305555555556,valid
48,2023-2024,260,158,1.64556962025316,0.905063291139241,valid
49,2023-2024,186,107,1.73831775700935,0.95607476635514,valid
50,2023-2024,212,126,1.68253968253968,0.925396825396825,valid
51,2023-2024,222,131,1.69465648854962,0.93206106870229,valid
52,2023-2024,82,93,0.881720430107527,0.48494623655914,valid
53,2023-2024,250,147,1.70068027210884,0.935374149659864,valid
54,2023-2024,282,160,1.7625,0.969375,valid
55,2023-2024,312,188,1.65957446808511,0.912765957446809,valid
56,2023-2024,232,130,1.78461538461538,0.981538461538462,valid
59,2023-2024,260,151,1.72185430463576,0.947019867549669,valid
62,2023-2024,200,122,1.63934426229508,0.901639344262295,valid
63,2023-2024,246,149,1.6510067114094,0.908053691275168,valid
64,2023-2024,220,130,1.69230769230769,0.930769230769231,valid
65,2023-2024,328,207,1.58454106280193,0.871497584541063,valid
67,2023-2024,336,202,1.66336633663366,0.914851485148515,valid
69,2023-2024,206,118,1.74576271186441,0.960169491525424,valid
70,2023-2024,184,102,1.80392156862745,0.992156862745098,valid
71,2023-2024,304,183,1.66120218579235,0.913661202185792,valid
72,2023-2024,286,201,1.4228855721393,0.782587064676617,valid
73,2023-2024,200,123,1.6260162601626,0.894308943089431,valid
74,2023-2024,314,194,1.61855670103093,0.89020618556701,valid
75,2023-2024,194,111,1.74774774774775,0.961261261261261,valid
76,2023-2024,242,150,1.61333333333333,0.887333333333333,valid
77,2023-2024,216,143,1.51048951048951,0.830769230769231,valid
78,2023-2024,200,123,1.6260162601626,0.894308943089431,valid
79,2023-2024,122,83,1.46987951807229,0.808433734939759,valid
80,2023-2024,50,29,1.72413793103448,0.948275862068965,valid
81,2023-2024,88,47,1.87234042553192,1.02978723404255,valid
82,2023-2024,172,112,1.53571428571429,0.844642857142857,valid
83,2023-2024,66,38,1.73684210526316,0.955263157894737,valid
84,2023-2024,210,113,1.85840707964602,1.02212389380531,valid
85,2023-2024,388,216,1.7962962962963,0.987962962962963,valid
86,2023-2024,170,97,1.75257731958763,0.963917525773196,valid
87,2023-2024,70,40,1.75,0.9625,valid
88,2023-2024,84,49,1.71428571428571,0.942857142857143,valid
89,2023-2024,220,140,1.57142857142857,0.864285714285714,valid
90,2023-2024,132,84,1.57142857142857,0.864285714285714,valid
91,2023-2024,400,250,1.6,0.88,valid
92,2023-2024,15,10,1.5,0.825,valid
93,2023-2024,172,110,1.56363636363636,0.86,valid
95,2023-2024,204,123,1.65853658536585,0.91219512195122,valid
96,2023-2024,26,16,1.625,0.89375,valid
97,2023-2024,244,142,1.71830985915493,0.945070422535211,valid
98,2023-2024,190,106,1.79245283018868,0.985849056603774,valid
100,2023-2024,388,227,1.70925110132159,0.940088105726872,valid
101,2023-2024,112,68,1.64705882352941,0.905882352941176,valid
102,2023-2024,138,83,1.66265060240964,0.914457831325301,valid
103,2023-2024,154,114,1.35087719298246,0.742982456140351,valid
104,2023-2024,158,88,1.79545454545455,0.9875,valid
105,2023-2024,184,98,1.87755102040816,1.03265306122449,valid
106,2023-2024,146,88,1.65909090909091,0.9125,valid
107,2023-2024,86,68,1.26470588235294,0.695588235294118,valid
108,2023-2024,322,196,1.64285714285714,0.903571428571429,valid
109,2023-2024,270,160,1.6875,0.928125,valid
110,2023-2024,104,59,1.76271186440678,0.969491525423729,valid
111,2023-2024,208,123,1.69105691056911,0.930081300813008,valid
112,2023-2024,20,11,1.81818181818182,1,valid
113,2023-2024,162,94,1.72340425531915,0.947872340425532,valid
114,2023-2024,154,87,1.77011494252874,0.973563218390805,valid
115,2023-2024,310,180,1.72222222222222,0.947222222222222,valid
116,2023-2024,224,127,1.76377952755906,0.97007874015748,valid
117,2023-2024,228,137,1.66423357664234,0.915328467153285,valid
118,2023-2024,46,34,1.35294117647059,0.744117647058824,valid
119,2023-2024,602,385,1.56363636363636,0.86,valid
120,2023-2024,50,31,1.61290322580645,0.887096774193548,valid
121,2023-2024,288,156,1.84615384615385,1.01538461538462,valid
122,2023-2024,248,145,1.71034482758621,0.940689655172414,valid
123,2023-2024,232,151,1.5364238410596,0.845033112582782,valid
124,2023-2024,210,128,1.640625,0.90234375,valid
125,2023-2024,346,210,1.64761904761905,0.906190476190476,valid
126,2023-2024,428,243,1.76131687242798,0.968724279835391,valid
127,2023-2024,146,89,1.64044943820225,0.902247191011236,valid
128,2023-2024,124,75,1.65333333333333,0.909333333333333,valid
129,2023-2024,28,15,1.86666666666667,1.02666666666667,valid
130,2023-2024,20,14,1.42857142857143,0.785714285714286,valid
131,2023-2024,92,59,1.55932203389831,0.857627118644068,valid
133,2023-2024,48,44,1.09090909090909,0.6,valid
134,2023-2024,56,37,1.51351351351351,0.832432432432433,valid
135,2023-2024,276,163,1.69325153374233,0.931288343558282,valid
136,2023-2024,318,187,1.70053475935829,0.935294117647059,valid
137,2023-2024,222,123,1.80487804878049,0.992682926829268,valid
138,2023-2024,284,164,1.73170731707317,0.952439024390244,valid
139,2023-2024,216,124,1.74193548387097,0.958064516129032,valid
140,2023-2024,190,116,1.63793103448276,0.900862068965517,valid
141,2023-2024,288,161,1.7888198757764,0.983850931677019,valid
142,2023-2024,372,231,1.61038961038961,0.885714285714286,valid
143,2023-2024,238,143,1.66433566433566,0.915384615384616,valid
144,2023-2024,260,157,1.65605095541401,0.910828025477707,valid
145,2023-2024,288,165,1.74545454545455,0.96,valid
146,2023-2024,230,126,1.82539682539683,1.00396825396825,valid
147,2023-2024,166,89,1.86516853932584,1.02584269662921,valid
148,2023-2024,186,112,1.66071428571429,0.913392857142857,valid
149,2023-2024,318,202,1.57425742574257,0.865841584158416,valid
150,2023-2024,150,89,1.68539325842697,0.926966292134831,valid
152,2023-2024,214,119,1.79831932773109,0.989075630252101,valid
153,2023-2024,198,112,1.76785714285714,0.972321428571428,valid
154,2023-2024,248,160,1.55,0.8525,valid
155,2023-2024,202,110,1.83636363636364,1.01,valid
156,2023-2024,236,136,1.73529411764706,0.954411764705882,valid
157,2023-2024,170,101,1.68316831683168,0.925742574257426,valid
158,2023-2024,152,89,1.70786516853933,0.939325842696629,valid
159,2023-2024,94,59,1.59322033898305,0.876271186440678,valid
160,2023-2024,344,204,1.68627450980392,0.927450980392157,valid
161,2023-2024,434,253,1.71541501976285,0.943478260869565,valid
162,2023-2024,148,85,1.74117647058824,0.957647058823529,valid
163,2023-2024,148,85,1.74117647058824,0.957647058823529,valid
164,2023-2024,342,200,1.71,0.9405,valid
165,2023-2024,152,98,1.55102040816327,0.853061224489796,valid
166,2023-2024,130,101,1.28712871287129,0.707920792079208,valid
167,2023-2024,68,36,1.88888888888889,1.03888888888889,valid
168,2023-2024,216,131,1.64885496183206,0.906870229007634,valid
169,2023-2024,34,21,1.61904761904762,0.890476190476191,valid
171,2023-2024,478,256,1.8671875,1.026953125,valid
172,2023-2024,262,161,1.62732919254658,0.895031055900621,valid
173,2023-2024,274,159,1.72327044025157,0.947798742138365,valid
174,2023-2024,64,36,1.77777777777778,0.977777777777778,valid
175,2023-2024,164,96,1.70833333333333,0.939583333333333,valid
177,2023-2024,66,43,1.53488372093023,0.844186046511628,valid
178,2023-2024,90,59,1.52542372881356,0.838983050847458,valid
179,2023-2024,52,35,1.48571428571429,0.817142857142857,valid
180,2023-2024,26,18,1.44444444444444,0.794444444444445,valid
181,2023-2024,20,13,1.53846153846154,0.846153846153846,valid
182,2023-2024,258,154,1.67532467532468,0.921428571428572,valid
183,2023-2024,298,179,1.66480446927374,0.915642458100559,valid
184,2023-2024,140,86,1.62790697674419,0.895348837209302,valid
185,2023-2024,66,45,1.46666666666667,0.806666666666667,valid
186,2023-2024,310,192,1.61458333333333,0.888020833333333,valid
187,2023-2024,170,96,1.77083333333333,0.973958333333333,valid
188,2023-2024,134,80,1.675,0.92125,valid
189,2023-2024,252,180,1.4,0.77,valid
190,2023-2024,348,207,1.68115942028986,0.92463768115942,valid
191,2023-2024,242,131,1.84732824427481,1.01603053435115,valid
192,2023-2024,324,173,1.8728323699422,1.03005780346821,valid
193,2023-2024,228,126,1.80952380952381,0.995238095238095,valid
194,2023-2024,204,118,1.72881355932203,0.950847457627119,valid
196,2023-2024,326,180,1.81111111111111,0.996111111111111,valid
197,2023-2024,404,231,1.74891774891775,0.961904761904762,valid
198,2023-2024,162,98,1.6530612244898,0.909183673469388,valid
199,2023-2024,628,369,1.70189701897019,0.936043360433604,valid
200,2023-2024,76,42,1.80952380952381,0.995238095238095,valid
201,2023-2024,228,139,1.64028776978417,0.902158273381295,valid
202,2023-2024,358,223,1.60538116591928,0.882959641255605,valid
203,2023-2024,214,135,1.58518518518519,0.871851851851852,valid
204,2023-2024,142,91,1.56043956043956,0.858241758241758,valid
205,2023-2024,188,110,1.70909090909091,0.94,valid
206,2023-2024,230,142,1.61971830985916,0.890845070422535,valid
207,2023-2024,330,189,1.74603174603175,0.96031746031746,valid
208,2023-2024,372,213,1.74647887323944,0.96056338028169,valid
209,2023-2024,168,109,1.54128440366972,0.847706422018349,valid
210,2023-2024,222,131,1.69465648854962,0.93206106870229,valid
211,2023-2024,206,130,1.58461538461538,0.871538461538462,valid
212,2023-2024,80,50,1.6,0.88,valid
213,2023-2024,208,122,1.70491803278689,0.937704918032787,valid
214,2023-2024,154,92,1.67391304347826,0.920652173913044,valid
215,2023-2024,134,78,1.71794871794872,0.944871794871795,valid
216,2023-2024,272,163,1.66871165644172,0.917791411042945,valid
217,2023-2024,44,24,1.83333333333333,1.00833333333333,valid
218,2023-2024,196,149,1.31543624161074,0.723489932885906,valid
219,2023-2024,180,103,1.74757281553398,0.961165048543689,valid
221,2023-2024,186,107,1.73831775700935,0.95607476635514,valid
222,2023-2024,220,137,1.60583941605839,0.883211678832117,valid
223,2023-2024,178,115,1.54782608695652,0.851304347826087,valid
224,2023-2024,204,127,1.60629921259843,0.883464566929134,valid
225,2023-2024,190,114,1.66666666666667,0.916666666666667,valid
226,2023-2024,324,191,1.69633507853403,0.932984293193717,valid
228,2023-2024,38,20,1.9,1.045,valid
229,2023-2024,132,74,1.78378378378378,0.981081081081081,valid
230,2023-2024,228,131,1.74045801526718,0.957251908396947,valid
231,2023-2024,150,91,1.64835164835165,0.906593406593407,valid
232,2023-2024,78,46,1.69565217391304,0.932608695652174,valid
233,2023-2024,148,93,1.59139784946237,0.875268817204301,valid
234,2023-2024,276,169,1.63313609467456,0.898224852071006,valid
235,2023-2024,230,151,1.52317880794702,0.837748344370861,valid
236,2023-2024,134,78,1.71794871794872,0.944871794871795,valid
237,2023-2024,128,70,1.82857142857143,1.00571428571429,valid
238,2023-2024,152,97,1.56701030927835,0.861855670103093,valid
239,2023-2024,152,112,1.35714285714286,0.746428571428571,valid
240,2023-2024,228,167,1.36526946107784,0.750898203592815,valid
241,2023-2024,270,201,1.34328358208955,0.738805970149254,valid
242,2023-2024,170,112,1.51785714285714,0.834821428571429,valid
243,2023-2024,162,115,1.40869565217391,0.774782608695652,valid
244,2023-2024,140,104,1.34615384615385,0.740384615384615,valid
245,2023-2024,254,157,1.61783439490446,0.889808917197452,valid
246,2023-2024,100,65,1.53846153846154,0.846153846153846,valid
247,2023-2024,384,227,1.69162995594714,0.930396475770925,valid
248,2023-2024,432,253,1.70750988142292,0.939130434782609,valid
249,2023-2024,92,54,1.7037037037037,0.937037037037037,valid
250,2023-2024,316,202,1.56435643564356,0.860396039603961,valid
251,2023-2024,464,273,1.6996336996337,0.934798534798535,valid
252,2023-2024,440,265,1.66037735849057,0.913207547169811,valid
253,2023-2024,106,64,1.65625,0.9109375,valid
254,2023-2024,164,102,1.6078431372549,0.884313725490196,valid
255,2023-2024,274,183,1.49726775956284,0.823497267759563,valid
256,2023-2024,252,164,1.53658536585366,0.845121951219512,valid
257,2023-2024,442,277,1.5956678700361,0.877617328519856,valid
258,2023-2024,178,107,1.66355140186916,0.914953271028037,valid
259,2023-2024,50,36,1.38888888888889,0.763888888888889,valid
260,2023-2024,82,53,1.54716981132075,0.850943396226415,valid
261,2023-2024,230,147,1.56462585034014,0.860544217687075,valid
262,2023-2024,138,89,1.55056179775281,0.852808988764045,valid
263,2023-2024,284,180,1.57777777777778,0.867777777777778,valid
265,2023-2024,276,166,1.66265060240964,0.914457831325301,valid
266,2023-2024,162,100,1.62,0.891,valid
267,2023-2024,140,92,1.52173913043478,0.836956521739131,valid
269,2023-2024,124,73,1.6986301369863,0.934246575342466,valid
271,2023-2024,184,119,1.54621848739496,0.850420168067227,valid
272,2023-2024,126,73,1.72602739726027,0.949315068493151,valid
273,2023-2024,138,96,1.4375,0.790625,valid
274,2023-2024,198,121,1.63636363636364,0.9,valid
275,2023-2024,190,118,1.61016949152542,0.885593220338983,valid
276,2023-2024,332,214,1.55140186915888,0.853271028037383,valid
277,2023-2024,240,140,1.71428571428571,0.942857142857143,valid
279,2023-2024,108,62,1.74193548387097,0.958064516129032,valid
280,2023-2024,176,104,1.69230769230769,0.930769230769231,valid
281,2023-2024,130,75,1.73333333333333,0.953333333333333,valid
282,2023-2024,212,133,1.59398496240602,0.876691729323308,valid
283,2023-2024,100,62,1.61290322580645,0.887096774193548,valid
284,2023-2024,228,142,1.6056338028169,0.883098591549296,valid
285,2023-2024,328,197,1.66497461928934,0.915736040609137,valid
286,2023-2024,216,140,1.54285714285714,0.848571428571429,valid
287,2023-2024,138,88,1.56818181818182,0.8625,valid
288,2023-2024,322,189,1.7037037037037,0.937037037037037,valid
289,2023-2024,256,151,1.6953642384106,0.932450331125828,valid
290,2023-2024,336,189,1.77777777777778,0.977777777777778,valid
291,2023-2024,406,240,1.69166666666667,0.930416666666667,valid
292,2023-2024,234,138,1.69565217391304,0.932608695652174,valid
293,2023-2024,230,139,1.65467625899281,0.910071942446043,valid
294,2023-2024,336,200,1.68,0.924,valid
295,2023-2024,320,196,1.63265306122449,0.897959183673469,valid
296,2023-2024,384,223,1.7219730941704,0.947085201793722,valid
297,2023-2024,84,48,1.75,0.9625,valid
298,2023-2024,106,64,1.65625,0.9109375,valid
299,2023-2024,202,130,1.55384615384615,0.854615384615385,valid
300,2023-2024,108,70,1.54285714285714,0.848571428571429,valid
302,2023-2024,394,262,1.50381679389313,0.827099236641221,valid
303,2023-2024,216,128,1.6875,0.928125,valid
304,2023-2024,266,155,1.71612903225806,0.943870967741935,valid
305,2023-2024,226,138,1.63768115942029,0.900724637681159,valid
306,2023-2024,218,132,1.65151515151515,0.908333333333333,valid
307,2023-2024,384,227,1.69162995594714,0.930396475770925,valid
309,2023-2024,312,189,1.65079365079365,0.907936507936508,valid
310,2023-2024,318,190,1.67368421052632,0.920526315789474,valid
311,2023-2024,228,132,1.72727272727273,0.95,valid
312,2023-2024,220,139,1.58273381294964,0.870503597122302,valid
314,2023-2024,142,87,1.63218390804598,0.897701149425287,valid
315,2023-2024,332,204,1.62745098039216,0.895098039215686,valid
316,2023-2024,224,138,1.6231884057971,0.892753623188406,valid
317,2023-2024,266,160,1.6625,0.914375,valid
319,2023-2024,188,119,1.57983193277311,0.86890756302521,valid
320,2023-2024,348,209,1.66507177033493,0.915789473684211,valid
322,2023-2024,96,59,1.6271186440678,0.894915254237288,valid
324,2023-2024,62,35,1.77142857142857,0.974285714285714,valid
325,2023-2024,216,133,1.62406015037594,0.893233082706767,valid
326,2023-2024,348,220,1.58181818181818,0.87,valid
327,2023-2024,218,135,1.61481481481482,0.888148148148148,valid
328,2023-2024,114,76,1.5,0.825,valid
329,2023-2024,60,37,1.62162162162162,0.891891891891892,valid
330,2023-2024,140,87,1.60919540229885,0.885057471264368,valid
331,2023-2024,158,105,1.5047619047619,0.827619047619048,valid
333,2023-2024,52,33,1.57575757575758,0.866666666666667,valid
334,2023-2024,70,42,1.66666666666667,0.916666666666667,valid
335,2023-2024,138,93,1.48387096774194,0.816129032258065,valid
336,2023-2024,210,122,1.72131147540984,0.94672131147541,valid
337,2023-2024,116,69,1.68115942028986,0.92463768115942,valid
338,2023-2024,202,121,1.66942148760331,0.918181818181818,valid
339,2023-2024,216,161,1.3416149068323,0.737888198757764,valid
340,2023-2024,254,165,1.53939393939394,0.846666666666667,valid
341,2023-2024,276,168,1.64285714285714,0.903571428571429,valid
342,2023-2024,378,213,1.77464788732394,0.976056338028169,valid
343,2023-2024,46,27,1.7037037037037,0.937037037037037,valid
344,2023-2024,142,81,1.75308641975309,0.964197530864198,valid
345,2023-2024,256,139,1.84172661870504,1.01294964028777,valid
346,2023-2024,52,28,1.85714285714286,1.02142857142857,valid
347,2023-2024,58,38,1.52631578947368,0.839473684210526,valid
348,2023-2024,218,132,1.65151515151515,0.908333333333333,valid
349,2023-2024,212,120,1.76666666666667,0.971666666666667,valid
350,2023-2024,322,190,1.69473684210526,0.932105263157895,valid
351,2023-2024,350,207,1.69082125603865,0.929951690821256,valid
352,2023-2024,140,94,1.48936170212766,0.819148936170213,valid
353,2023-2024,106,71,1.49295774647887,0.82112676056338,valid
354,2023-2024,82,47,1.74468085106383,0.959574468085106,valid
355,2023-2024,92,56,1.64285714285714,0.903571428571429,valid
356,2023-2024,316,184,1.71739130434783,0.944565217391304,valid
357,2023-2024,248,157,1.5796178343949,0.868789808917198,valid
358,2023-2024,230,139,1.65467625899281,0.910071942446043,valid
359,2023-2024,306,202,1.51485148514851,0.833168316831683,valid
360,2023-2024,318,201,1.58208955223881,0.870149253731343,valid
361,2023-2024,206,127,1.62204724409449,0.892125984251969,valid
362,2023-2024,134,79,1.69620253164557,0.932911392405063,valid
363,2023-2024,122,71,1.71830985915493,0.945070422535211,valid
364,2023-2024,130,83,1.56626506024096,0.86144578313253,valid
365,2023-2024,306,193,1.58549222797927,0.872020725388601,valid
366,2023-2024,236,158,1.49367088607595,0.821518987341772,valid
367,2023-2024,130,71,1.83098591549296,1.00704225352113,valid
368,2023-2024,292,172,1.69767441860465,0.933720930232558,valid
369,2023-2024,164,110,1.49090909090909,0.82,valid
370,2023-2024,90,59,1.52542372881356,0.838983050847458,valid
371,2023-2024,290,174,1.66666666666667,0.916666666666667,valid
372,2023-2024,226,128,1.765625,0.97109375,valid
373,2023-2024,44,27,1.62962962962963,0.896296296296296,valid
374,2023-2024,236,146,1.61643835616438,0.889041095890411,valid
375,2023-2024,164,97,1.69072164948454,0.929896907216495,valid
376,2023-2024,230,134,1.71641791044776,0.944029850746269,valid
377,2023-2024,124,76,1.63157894736842,0.897368421052632,valid
378,2023-2024,180,112,1.60714285714286,0.883928571428572,valid
379,2023-2024,224,133,1.68421052631579,0.926315789473684,valid
380,2023-2024,178,115,1.54782608695652,0.851304347826087,valid
383,2023-2024,172,107,1.60747663551402,0.88411214953271,valid
384,2023-2024,154,89,1.73033707865169,0.951685393258427,valid
385,2023-2024,232,139,1.66906474820144,0.917985611510791,valid
386,2023-2024,202,112,1.80357142857143,0.991964285714286,valid
387,2023-2024,152,83,1.83132530120482,1.00722891566265,valid
388,2023-2024,266,165,1.61212121212121,0.886666666666667,valid
389,2023-2024,228,136,1.67647058823529,0.922058823529412,valid
390,2023-2024,404,251,1.60956175298805,0.885258964143426,valid
391,2023-2024,108,70,1.54285714285714,0.848571428571429,valid
392,2023-2024,200,116,1.72413793103448,0.948275862068965,valid
393,2023-2024,174,119,1.46218487394958,0.804201680672269,valid
394,2023-2024,192,135,1.42222222222222,0.782222222222222,valid
395,2023-2024,330,191,1.72774869109948,0.950261780104712,valid
396,2023-2024,242,144,1.68055555555556,0.924305555555556,valid
397,2023-2024,142,119,1.19327731092437,0.656302521008403,valid
398,2023-2024,280,193,1.45077720207254,0.797927461139897,valid
399,2023-2024,122,75,1.62666666666667,0.894666666666667,valid
400,2023-2024,264,163,1.61963190184049,0.89079754601227,valid
401,2023-2024,226,131,1.72519083969466,0.948854961832061,valid
402,2023-2024,176,101,1.74257425742574,0.958415841584159,valid
403,2023-2024,260,155,1.67741935483871,0.92258064516129,valid
404,2023-2024,254,142,1.7887323943662,0.983802816901408,valid
405,2023-2024,136,92,1.47826086956522,0.81304347826087,valid
406,2023-2024,178,132,1.34848484848485,0.741666666666667,valid
408,2023-2024,120,69,1.73913043478261,0.956521739130435,valid
0,2024-2025,82,48,1.70833333333333,0.939583333333333,valid
1,2024-2025,102,53,1.92452830188679,1.05849056603774,valid
2,2024-2025,238,120,1.98333333333333,1.09083333333333,valid
3,2024-2025,116,62,1.87096774193548,1.02903225806452,valid
4,2024-2025,312,175,1.78285714285714,0.980571428571429,valid
5,2024-2025,166,88,1.88636363636364,1.0375,valid
7,2024-2025,88,51,1.72549019607843,0.949019607843137,valid
8,2024-2025,146,85,1.71764705882353,0.944705882352941,valid
9,2024-2025,246,134,1.83582089552239,1.00970149253731,valid
10,2024-2025,206,119,1.73109243697479,0.952100840336134,valid
11,2024-2025,132,73,1.80821917808219,0.994520547945205,valid
12,2024-2025,40,20,2,1.1,valid
13,2024-2025,502,300,1.67333333333333,0.920333333333333,valid
14,2024-2025,284,169,1.68047337278107,0.924260355029586,valid
15,2024-2025,356,201,1.77114427860697,0.974129353233831,valid
16,2024-2025,86,53,1.62264150943396,0.892452830188679,valid
17,2024-2025,212,115,1.84347826086957,1.01391304347826,valid
18,2024-2025,128,70,1.82857142857143,1.00571428571429,valid
19,2024-2025,458,246,1.86178861788618,1.0239837398374,valid
20,2024-2025,322,176,1.82954545454545,1.00625,valid
21,2024-2025,360,194,1.85567010309278,1.02061855670103,valid
22,2024-2025,268,155,1.72903225806452,0.950967741935484,valid
23,2024-2025,376,207,1.81642512077295,0.999033816425121,valid
24,2024-2025,142,87,1.63218390804598,0.897701149425287,valid
25,2024-2025,384,209,1.83732057416268,1.01052631578947,valid
27,2024-2025,210,122,1.72131147540984,0.94672131147541,valid
28,2024-2025,252,134,1.88059701492537,1.03432835820896,valid
29,2024-2025,190,98,1.93877551020408,1.06632653061224,valid
30,2024-2025,258,144,1.79166666666667,0.985416666666667,valid
31,2024-2025,270,151,1.78807947019868,0.983443708609272,valid
32,2024-2025,292,156,1.87179487179487,1.02948717948718,valid
33,2024-2025,232,124,1.87096774193548,1.02903225806452,valid
34,2024-2025,202,110,1.83636363636364,1.01,valid
35,2024-2025,354,199,1.77889447236181,0.978391959798995,valid
36,2024-2025,268,158,1.69620253164557,0.932911392405063,valid
38,2024-2025,278,157,1.77070063694268,0.973885350318471,valid
39,2024-2025,302,166,1.81927710843374,1.00060240963855,valid
40,2024-2025,174,100,1.74,0.957,valid
41,2024-2025,322,183,1.75956284153005,0.96775956284153,valid
42,2024-2025,346,189,1.83068783068783,1.00687830687831,valid
43,2024-2025,476,258,1.84496124031008,1.01472868217054,valid
44,2024-2025,266,154,1.72727272727273,0.95,valid
45,2024-2025,166,97,1.71134020618557,0.941237113402062,valid
46,2024-2025,374,204,1.83333333333333,1.00833333333333,valid
47,2024-2025,340,183,1.85792349726776,1.02185792349727,valid
48,2024-2025,282,164,1.71951219512195,0.945731707317073,valid
49,2024-2025,224,124,1.80645161290323,0.993548387096774,valid
50,2024-2025,236,127,1.85826771653543,1.02204724409449,valid
51,2024-2025,248,136,1.82352941176471,1.00294117647059,valid
52,2024-2025,218,121,1.80165289256198,0.990909090909091,valid
53,2024-2025,222,119,1.8655462184874,1.02605042016807,valid
54,2024-2025,336,176,1.90909090909091,1.05,valid
55,2024-2025,324,174,1.86206896551724,1.02413793103448,valid
56,2024-2025,226,126,1.79365079365079,0.986507936507937,valid
59,2024-2025,318,167,1.90419161676647,1.04730538922156,valid
62,2024-2025,200,106,1.88679245283019,1.0377358490566,valid
63,2024-2025,214,115,1.86086956521739,1.02347826086957,valid
64,2024-2025,248,132,1.87878787878788,1.03333333333333,valid
65,2024-2025,398,222,1.79279279279279,0.986036036036036,valid
67,2024-2025,400,217,1.84331797235023,1.01382488479263,valid
69,2024-2025,172,90,1.91111111111111,1.05111111111111,valid
70,2024-2025,174,99,1.75757575757576,0.966666666666667,valid
71,2024-2025,326,183,1.78142076502732,0.979781420765027,valid
72,2024-2025,310,181,1.71270718232044,0.941988950276243,valid
73,2024-2025,292,156,1.87179487179487,1.02948717948718,valid
74,2024-2025,346,184,1.8804347826087,1.03423913043478,valid
75,2024-2025,186,107,1.73831775700935,0.95607476635514,valid
76,2024-2025,234,132,1.77272727272727,0.975,valid
77,2024-2025,250,131,1.90839694656489,1.04961832061069,valid
78,2024-2025,224,116,1.93103448275862,1.06206896551724,valid
79,2024-2025,172,97,1.77319587628866,0.975257731958763,valid
80,2024-2025,54,27,2,1.1,valid
81,2024-2025,108,58,1.86206896551724,1.02413793103448,valid
82,2024-2025,270,144,1.875,1.03125,valid
83,2024-2025,54,31,1.74193548387097,0.958064516129032,valid
84,2024-2025,188,104,1.80769230769231,0.994230769230769,valid
85,2024-2025,408,220,1.85454545454545,1.02,valid
86,2024-2025,168,86,1.95348837209302,1.07441860465116,valid
87,2024-2025,94,50,1.88,1.034,valid
88,2024-2025,96,53,1.81132075471698,0.99622641509434,valid
89,2024-2025,240,130,1.84615384615385,1.01538461538462,valid
90,2024-2025,186,100,1.86,1.023,valid
91,2024-2025,390,207,1.88405797101449,1.03623188405797,valid
92,2024-2025,24,15,1.6,0.88,valid
93,2024-2025,192,107,1.79439252336449,0.986915887850467,valid
95,2024-2025,198,108,1.83333333333333,1.00833333333333,valid
96,2024-2025,44,23,1.91304347826087,1.05217391304348,valid
97,2024-2025,240,133,1.80451127819549,0.992481203007519,valid
98,2024-2025,178,97,1.83505154639175,1.00927835051546,valid
100,2024-2025,390,207,1.88405797101449,1.03623188405797,valid
101,2024-2025,88,53,1.66037735849057,0.913207547169811,valid
102,2024-2025,142,77,1.84415584415584,1.01428571428571,valid
103,2024-2025,206,119,1.73109243697479,0.952100840336134,valid
104,2024-2025,204,104,1.96153846153846,1.07884615384615,valid
105,2024-2025,190,102,1.86274509803922,1.02450980392157,valid
106,2024-2025,146,79,1.84810126582279,1.01645569620253,valid
107,2024-2025,122,72,1.69444444444444,0.931944444444444,valid
108,2024-2025,332,176,1.88636363636364,1.0375,valid
109,2024-2025,346,185,1.87027027027027,1.02864864864865,valid
110,2024-2025,130,74,1.75675675675676,0.966216216216216,valid
111,2024-2025,212,109,1.94495412844037,1.0697247706422,valid
112,2024-2025,14,9,1.55555555555556,0.855555555555556,valid
113,2024-2025,164,90,1.82222222222222,1.00222222222222,valid
114,2024-2025,166,90,1.84444444444444,1.01444444444444,valid
115,2024-2025,328,184,1.78260869565217,0.980434782608696,valid
116,2024-2025,192,96,2,1.1,valid
117,2024-2025,238,138,1.72463768115942,0.948550724637681,valid
118,2024-2025,76,39,1.94871794871795,1.07179487179487,valid
119,2024-2025,630,345,1.82608695652174,1.00434782608696,valid
120,2024-2025,32,18,1.77777777777778,0.977777777777778,valid
121,2024-2025,300,156,1.92307692307692,1.05769230769231,valid
122,2024-2025,186,101,1.84158415841584,1.01287128712871,valid
123,2024-2025,280,157,1.78343949044586,0.980891719745223,valid
124,2024-2025,248,143,1.73426573426573,0.953846153846154,valid
125,2024-2025,468,250,1.872,1.0296,valid
126,2024-2025,450,243,1.85185185185185,1.01851851851852,valid
127,2024-2025,164,93,1.76344086021505,0.96989247311828,valid
128,2024-2025,130,72,1.80555555555556,0.993055555555556,valid
129,2024-2025,22,12,1.83333333333333,1.00833333333333,valid
130,2024-2025,28,16,1.75,0.9625,valid
131,2024-2025,106,61,1.73770491803279,0.955737704918033,valid
133,2024-2025,96,52,1.84615384615385,1.01538461538462,valid
134,2024-2025,58,31,1.87096774193548,1.02903225806452,valid
135,2024-2025,316,166,1.90361445783133,1.04698795180723,valid
136,2024-2025,338,178,1.89887640449438,1.04438202247191,valid
137,2024-2025,264,139,1.89928057553957,1.04460431654676,valid
138,2024-2025,306,167,1.83233532934132,1.00778443113772,valid
139,2024-2025,218,114,1.91228070175439,1.05175438596491,valid
140,2024-2025,198,102,1.94117647058824,1.06764705882353,valid
141,2024-2025,294,155,1.89677419354839,1.04322580645161,valid
142,2024-2025,430,242,1.77685950413223,0.977272727272727,valid
143,2024-2025,238,130,1.83076923076923,1.00692307692308,valid
144,2024-2025,280,153,1.83006535947712,1.00653594771242,valid
145,2024-2025,316,169,1.8698224852071,1.02840236686391,valid
146,2024-2025,264,141,1.87234042553192,1.02978723404255,valid
147,2024-2025,160,84,1.9047619047619,1.04761904761905,valid
148,2024-2025,238,125,1.904,1.0472,valid
149,2024-2025,398,207,1.92270531400966,1.05748792270531,valid
150,2024-2025,142,74,1.91891891891892,1.05540540540541,valid
152,2024-2025,192,107,1.79439252336449,0.986915887850467,valid
153,2024-2025,212,112,1.89285714285714,1.04107142857143,valid
154,2024-2025,220,131,1.6793893129771,0.923664122137404,valid
155,2024-2025,198,106,1.86792452830189,1.02735849056604,valid
156,2024-2025,224,124,1.80645161290323,0.993548387096774,valid
157,2024-2025,194,109,1.77981651376147,0.978899082568807,valid
158,2024-2025,146,76,1.92105263157895,1.05657894736842,valid
159,2024-2025,116,62,1.87096774193548,1.02903225806452,valid
160,2024-2025,360,184,1.95652173913043,1.07608695652174,valid
161,2024-2025,450,250,1.8,0.99,valid
162,2024-2025,166,86,1.93023255813954,1.06162790697674,valid
163,2024-2025,180,99,1.81818181818182,1,valid
164,2024-2025,338,185,1.82702702702703,1.00486486486486,valid
165,2024-2025,132,72,1.83333333333333,1.00833333333333,valid
166,2024-2025,178,91,1.95604395604396,1.07582417582418,valid
167,2024-2025,108,56,1.92857142857143,1.06071428571429,valid
168,2024-2025,264,139,1.89928057553957,1.04460431654676,valid
169,2024-2025,38,19,2,1.1,valid
171,2024-2025,460,235,1.95744680851064,1.07659574468085,valid
172,2024-2025,392,205,1.91219512195122,1.05170731707317,valid
173,2024-2025,272,141,1.9290780141844,1.06099290780142,valid
174,2024-2025,60,36,1.66666666666667,0.916666666666667,valid
175,2024-2025,160,97,1.64948453608247,0.907216494845361,valid
177,2024-2025,80,45,1.77777777777778,0.977777777777778,valid
178,2024-2025,112,62,1.80645161290323,0.993548387096774,valid
179,2024-2025,66,37,1.78378378378378,0.981081081081081,valid
180,2024-2025,22,13,1.69230769230769,0.930769230769231,valid
181,2024-2025,44,23,1.91304347826087,1.05217391304348,valid
182,2024-2025,200,106,1.88679245283019,1.0377358490566,valid
183,2024-2025,398,206,1.93203883495146,1.0626213592233,valid
184,2024-2025,130,70,1.85714285714286,1.02142857142857,valid
185,2024-2025,74,38,1.94736842105263,1.07105263157895,valid
186,2024-2025,374,210,1.78095238095238,0.979523809523809,valid
187,2024-2025,136,75,1.81333333333333,0.997333333333333,valid
188,2024-2025,202,106,1.90566037735849,1.04811320754717,valid
189,2024-2025,324,184,1.76086956521739,0.968478260869565,valid
190,2024-2025,436,225,1.93777777777778,1.06577777777778,valid
191,2024-2025,254,139,1.8273381294964,1.00503597122302,valid
192,2024-2025,342,181,1.88950276243094,1.03922651933702,valid
193,2024-2025,242,128,1.890625,1.03984375,valid
194,2024-2025,160,85,1.88235294117647,1.03529411764706,valid
196,2024-2025,292,155,1.88387096774194,1.03612903225806,valid
197,2024-2025,430,227,1.8942731277533,1.04185022026432,valid
198,2024-2025,170,95,1.78947368421053,0.98421052631579,valid
199,2024-2025,690,365,1.89041095890411,1.03972602739726,valid
200,2024-2025,70,41,1.70731707317073,0.939024390243902,valid
201,2024-2025,298,158,1.88607594936709,1.0373417721519,valid
202,2024-2025,358,195,1.83589743589744,1.00974358974359,valid
203,2024-2025,248,131,1.89312977099237,1.0412213740458,valid
204,2024-2025,148,79,1.87341772151899,1.03037974683544,valid
205,2024-2025,236,124,1.90322580645161,1.04677419354839,valid
206,2024-2025,278,151,1.84105960264901,1.01258278145695,valid
207,2024-2025,350,202,1.73267326732673,0.952970297029703,valid
208,2024-2025,376,198,1.8989898989899,1.04444444444444,valid
209,2024-2025,214,114,1.87719298245614,1.03245614035088,valid
210,2024-2025,274,150,1.82666666666667,1.00466666666667,valid
211,2024-2025,150,78,1.92307692307692,1.05769230769231,valid
212,2024-2025,90,47,1.91489361702128,1.0531914893617,valid
213,2024-2025,234,129,1.81395348837209,0.997674418604651,valid
214,2024-2025,244,130,1.87692307692308,1.03230769230769,valid
215,2024-2025,148,78,1.8974358974359,1.04358974358974,valid
216,2024-2025,262,137,1.91240875912409,1.05182481751825,valid
217,2024-2025,50,26,1.92307692307692,1.05769230769231,valid
218,2024-2025,222,125,1.776,0.9768,valid
219,2024-2025,168,92,1.82608695652174,1.00434782608696,valid
221,2024-2025,198,103,1.92233009708738,1.05728155339806,valid
222,2024-2025,254,137,1.85401459854015,1.01970802919708,valid
223,2024-2025,180,98,1.83673469387755,1.01020408163265,valid
224,2024-2025,176,100,1.76,0.968,valid
225,2024-2025,272,146,1.86301369863014,1.02465753424658,valid
226,2024-2025,372,202,1.84158415841584,1.01287128712871,valid
228,2024-2025,46,24,1.91666666666667,1.05416666666667,valid
229,2024-2025,172,89,1.93258426966292,1.06292134831461,valid
230,2024-2025,252,140,1.8,0.99,valid
231,2024-2025,158,81,1.95061728395062,1.07283950617284,valid
232,2024-2025,100,52,1.92307692307692,1.05769230769231,valid
233,2024-2025,192,106,1.81132075471698,0.99622641509434,valid
234,2024-2025,268,146,1.83561643835616,1.00958904109589,valid
235,2024-2025,230,128,1.796875,0.98828125,valid
236,2024-2025,142,82,1.73170731707317,0.952439024390244,valid
237,2024-2025,132,72,1.83333333333333,1.00833333333333,valid
238,2024-2025,188,103,1.8252427184466,1.00388349514563,valid
239,2024-2025,228,119,1.91596638655462,1.05378151260504,valid
240,2024-2025,290,165,1.75757575757576,0.966666666666667,valid
241,2024-2025,318,166,1.91566265060241,1.05361445783133,valid
242,2024-2025,216,116,1.86206896551724,1.02413793103448,valid
243,2024-2025,168,97,1.7319587628866,0.952577319587629,valid
244,2024-2025,192,104,1.84615384615385,1.01538461538462,valid
245,2024-2025,356,196,1.81632653061225,0.998979591836735,valid
246,2024-2025,72,42,1.71428571428571,0.942857142857143,valid
247,2024-2025,502,269,1.86617100371747,1.02639405204461,valid
248,2024-2025,430,229,1.87772925764192,1.03275109170306,valid
249,2024-2025,146,82,1.78048780487805,0.979268292682927,valid
250,2024-2025,354,201,1.76119402985075,0.968656716417911,valid
251,2024-2025,480,260,1.84615384615385,1.01538461538462,valid
252,2024-2025,444,238,1.8655462184874,1.02605042016807,valid
253,2024-2025,148,79,1.87341772151899,1.03037974683544,valid
254,2024-2025,228,126,1.80952380952381,0.995238095238095,valid
255,2024-2025,354,193,1.83419689119171,1.00880829015544,valid
256,2024-2025,268,150,1.78666666666667,0.982666666666667,valid
257,2024-2025,484,271,1.7859778597786,0.982287822878229,valid
258,2024-2025,170,95,1.78947368421053,0.98421052631579,valid
259,2024-2025,72,40,1.8,0.99,valid
260,2024-2025,92,61,1.50819672131148,0.829508196721312,valid
261,2024-2025,330,180,1.83333333333333,1.00833333333333,valid
262,2024-2025,154,88,1.75,0.9625,valid
263,2024-2025,254,146,1.73972602739726,0.956849315068493,valid
265,2024-2025,232,127,1.82677165354331,1.00472440944882,valid
266,2024-2025,212,109,1.94495412844037,1.0697247706422,valid
267,2024-2025,122,71,1.71830985915493,0.945070422535211,valid
269,2024-2025,130,75,1.73333333333333,0.953333333333333,valid
271,2024-2025,230,129,1.78294573643411,0.98062015503876,valid
272,2024-2025,178,92,1.93478260869565,1.06413043478261,valid
273,2024-2025,198,109,1.81651376146789,0.999082568807339,valid
274,2024-2025,242,134,1.80597014925373,0.993283582089552,valid
275,2024-2025,224,122,1.83606557377049,1.00983606557377,valid
276,2024-2025,362,200,1.81,0.9955,valid
277,2024-2025,306,165,1.85454545454545,1.02,valid
279,2024-2025,132,69,1.91304347826087,1.05217391304348,valid
280,2024-2025,174,90,1.93333333333333,1.06333333333333,valid
281,2024-2025,130,70,1.85714285714286,1.02142857142857,valid
282,2024-2025,208,111,1.87387387387387,1.03063063063063,valid
283,2024-2025,114,61,1.86885245901639,1.02786885245902,valid
284,2024-2025,266,145,1.83448275862069,1.00896551724138,valid
285,2024-2025,362,192,1.88541666666667,1.03697916666667,valid
286,2024-2025,270,144,1.875,1.03125,valid
287,2024-2025,194,106,1.83018867924528,1.00660377358491,valid
288,2024-2025,340,188,1.80851063829787,0.99468085106383,valid
289,2024-2025,270,153,1.76470588235294,0.970588235294118,valid
290,2024-2025,360,193,1.86528497409326,1.0259067357513,valid
291,2024-2025,460,240,1.91666666666667,1.05416666666667,valid
292,2024-2025,238,130,1.83076923076923,1.00692307692308,valid
293,2024-2025,284,153,1.8562091503268,1.02091503267974,valid
294,2024-2025,452,239,1.89121338912134,1.04016736401674,valid
295,2024-2025,346,183,1.89071038251366,1.03989071038251,valid
296,2024-2025,510,272,1.875,1.03125,valid
297,2024-2025,120,61,1.9672131147541,1.08196721311475,valid
298,2024-2025,130,72,1.80555555555556,0.993055555555556,valid
299,2024-2025,214,115,1.86086956521739,1.02347826086957,valid
300,2024-2025,122,68,1.79411764705882,0.986764705882353,valid
302,2024-2025,486,262,1.85496183206107,1.02022900763359,valid
303,2024-2025,242,128,1.890625,1.03984375,valid
304,2024-2025,324,173,1.8728323699422,1.03005780346821,valid
305,2024-2025,282,150,1.88,1.034,valid
306,2024-2025,284,156,1.82051282051282,1.00128205128205,valid
307,2024-2025,394,214,1.8411214953271,1.01261682242991,valid
309,2024-2025,352,191,1.84293193717277,1.01361256544503,valid
310,2024-2025,310,166,1.86746987951807,1.02710843373494,valid
311,2024-2025,234,123,1.90243902439024,1.04634146341463,valid
312,2024-2025,338,200,1.69,0.9295,valid
314,2024-2025,194,107,1.81308411214953,0.997196261682243,valid
315,2024-2025,360,194,1.85567010309278,1.02061855670103,valid
316,2024-2025,246,127,1.93700787401575,1.06535433070866,valid
317,2024-2025,260,140,1.85714285714286,1.02142857142857,valid
319,2024-2025,268,141,1.90070921985816,1.04539007092199,valid
320,2024-2025,356,189,1.88359788359788,1.03597883597884,valid
322,2024-2025,128,68,1.88235294117647,1.03529411764706,valid
324,2024-2025,54,27,2,1.1,valid
325,2024-2025,286,156,1.83333333333333,1.00833333333333,valid
326,2024-2025,438,240,1.825,1.00375,valid
327,2024-2025,218,121,1.80165289256198,0.990909090909091,valid
328,2024-2025,176,93,1.89247311827957,1.04086021505376,valid
329,2024-2025,76,41,1.85365853658537,1.01951219512195,valid
330,2024-2025,154,87,1.77011494252874,0.973563218390805,valid
331,2024-2025,188,108,1.74074074074074,0.957407407407407,valid
333,2024-2025,92,46,2,1.1,valid
334,2024-2025,108,56,1.92857142857143,1.06071428571429,valid
335,2024-2025,182,99,1.83838383838384,1.01111111111111,valid
336,2024-2025,162,92,1.76086956521739,0.968478260869565,valid
337,2024-2025,106,56,1.89285714285714,1.04107142857143,valid
338,2024-2025,216,121,1.78512396694215,0.981818181818182,valid
339,2024-2025,338,181,1.86740331491713,1.02707182320442,valid
340,2024-2025,244,130,1.87692307692308,1.03230769230769,valid
341,2024-2025,242,128,1.890625,1.03984375,valid
342,2024-2025,402,212,1.89622641509434,1.04292452830189,valid
343,2024-2025,40,21,1.9047619047619,1.04761904761905,valid
344,2024-2025,152,79,1.92405063291139,1.05822784810127,valid
345,2024-2025,302,159,1.89937106918239,1.04465408805031,valid
346,2024-2025,62,35,1.77142857142857,0.974285714285714,valid
347,2024-2025,72,39,1.84615384615385,1.01538461538462,valid
348,2024-2025,246,138,1.78260869565217,0.980434782608696,valid
349,2024-2025,206,112,1.83928571428571,1.01160714285714,valid
350,2024-2025,380,199,1.90954773869347,1.05025125628141,valid
351,2024-2025,406,216,1.87962962962963,1.0337962962963,valid
352,2024-2025,160,85,1.88235294117647,1.03529411764706,valid
353,2024-2025,154,82,1.8780487804878,1.03292682926829,valid
354,2024-2025,82,46,1.78260869565217,0.980434782608696,valid
355,2024-2025,110,59,1.86440677966102,1.02542372881356,valid
356,2024-2025,268,151,1.77483443708609,0.976158940397351,valid
357,2024-2025,290,161,1.80124223602484,0.990683229813665,valid
358,2024-2025,234,123,1.90243902439024,1.04634146341463,valid
359,2024-2025,348,191,1.82198952879581,1.0020942408377,valid
360,2024-2025,344,181,1.90055248618785,1.04530386740332,valid
361,2024-2025,178,94,1.8936170212766,1.04148936170213,valid
362,2024-2025,172,93,1.8494623655914,1.01720430107527,valid
363,2024-2025,136,70,1.94285714285714,1.06857142857143,valid
364,2024-2025,170,88,1.93181818181818,1.0625,valid
365,2024-2025,340,190,1.78947368421053,0.98421052631579,valid
366,2024-2025,258,139,1.85611510791367,1.02086330935252,valid
367,2024-2025,120,62,1.93548387096774,1.06451612903226,valid
368,2024-2025,316,173,1.82658959537572,1.00462427745665,valid
369,2024-2025,200,104,1.92307692307692,1.05769230769231,valid
370,2024-2025,126,64,1.96875,1.0828125,valid
371,2024-2025,266,144,1.84722222222222,1.01597222222222,valid
372,2024-2025,228,122,1.86885245901639,1.02786885245902,valid
373,2024-2025,72,39,1.84615384615385,1.01538461538462,valid
374,2024-2025,260,142,1.83098591549296,1.00704225352113,valid
375,2024-2025,164,89,1.84269662921348,1.01348314606742,valid
376,2024-2025,264,135,1.95555555555556,1.07555555555556,valid
377,2024-2025,152,79,1.92405063291139,1.05822784810127,valid
378,2024-2025,194,109,1.77981651376147,0.978899082568807,valid
379,2024-2025,264,141,1.87234042553192,1.02978723404255,valid
380,2024-2025,182,99,1.83838383838384,1.01111111111111,valid
383,2024-2025,224,119,1.88235294117647,1.03529411764706,valid
384,2024-2025,172,91,1.89010989010989,1.03956043956044,valid
385,2024-2025,212,109,1.94495412844037,1.0697247706422,valid
386,2024-2025,210,112,1.875,1.03125,valid
387,2024-2025,106,57,1.85964912280702,1.02280701754386,valid
388,2024-2025,346,185,1.87027027027027,1.02864864864865,valid
389,2024-2025,258,145,1.77931034482759,0.978620689655173,valid
390,2024-2025,406,218,1.86238532110092,1.0243119266055,valid
391,2024-2025,126,67,1.88059701492537,1.03432835820896,valid
392,2024-2025,156,85,1.83529411764706,1.00941176470588,valid
393,2024-2025,184,108,1.7037037037037,0.937037037037037,valid
394,2024-2025,242,131,1.84732824427481,1.01603053435115,valid
395,2024-2025,274,145,1.88965517241379,1.03931034482759,valid
396,2024-2025,218,113,1.92920353982301,1.06106194690265,valid
397,2024-2025,230,124,1.85483870967742,1.02016129032258,valid
398,2024-2025,310,168,1.8452380952381,1.01488095238095,valid
399,2024-2025,116,63,1.84126984126984,1.01269841269841,valid
400,2024-2025,264,142,1.85915492957746,1.02253521126761,valid
401,2024-2025,228,124,1.83870967741935,1.01129032258065,valid
402,2024-2025,174,93,1.87096774193548,1.02903225806452,valid
403,2024-2025,304,162,1.87654320987654,1.0320987654321,valid
404,2024-2025,244,139,1.75539568345324,0.965467625899281,valid
405,2024-2025,172,90,1.91111111111111,1.05111111111111,valid
406,2024-2025,214,121,1.76859504132231,0.972727272727273,valid
408,2024-2025,106,57,1.85964912280702,1.02280701754386,valid
409,2024-2025,108,56,1.92857142857143,1.06071428571429,valid
0,2025-2026,76,47,1.61702127659574,0.88936170212766,valid
1,2025-2026,70,36,1.94444444444444,1.06944444444444,valid
2,2025-2026,200,105,1.9047619047619,1.04761904761905,valid
3,2025-2026,136,71,1.91549295774648,1.05352112676056,valid
4,2025-2026,356,184,1.93478260869565,1.06413043478261,valid
5,2025-2026,168,93,1.80645161290323,0.993548387096774,valid
7,2025-2026,96,51,1.88235294117647,1.03529411764706,valid
8,2025-2026,172,91,1.89010989010989,1.03956043956044,valid
9,2025-2026,218,114,1.91228070175439,1.05175438596491,valid
10,2025-2026,150,86,1.74418604651163,0.959302325581395,valid
11,2025-2026,152,77,1.97402597402597,1.08571428571429,valid
12,2025-2026,48,25,1.92,1.056,valid
13,2025-2026,518,277,1.87003610108303,1.02851985559567,valid
14,2025-2026,358,192,1.86458333333333,1.02552083333333,valid
15,2025-2026,360,198,1.81818181818182,1,valid
16,2025-2026,112,59,1.89830508474576,1.04406779661017,valid
17,2025-2026,204,110,1.85454545454545,1.02,valid
18,2025-2026,170,92,1.84782608695652,1.01630434782609,valid
19,2025-2026,538,289,1.86159169550173,1.02387543252595,valid
20,2025-2026,296,157,1.88535031847134,1.03694267515924,valid
21,2025-2026,382,205,1.86341463414634,1.02487804878049,valid
22,2025-2026,304,168,1.80952380952381,0.995238095238095,valid
23,2025-2026,344,187,1.83957219251337,1.01176470588235,valid
24,2025-2026,160,85,1.88235294117647,1.03529411764706,valid
25,2025-2026,390,218,1.78899082568807,0.98394495412844,valid
27,2025-2026,198,108,1.83333333333333,1.00833333333333,valid
28,2025-2026,238,134,1.77611940298507,0.976865671641791,valid
29,2025-2026,210,118,1.77966101694915,0.978813559322034,valid
30,2025-2026,252,138,1.82608695652174,1.00434782608696,valid
31,2025-2026,256,134,1.91044776119403,1.05074626865672,valid
32,2025-2026,282,147,1.91836734693878,1.05510204081633,valid
33,2025-2026,272,142,1.91549295774648,1.05352112676056,valid
34,2025-2026,252,131,1.9236641221374,1.05801526717557,valid
35,2025-2026,418,227,1.84140969162996,1.01277533039648,valid
36,2025-2026,266,146,1.82191780821918,1.00205479452055,valid
38,2025-2026,272,149,1.8255033557047,1.00402684563758,valid
39,2025-2026,286,155,1.84516129032258,1.01483870967742,valid
40,2025-2026,248,137,1.81021897810219,0.995620437956204,valid
41,2025-2026,316,171,1.84795321637427,1.01637426900585,valid
42,2025-2026,398,226,1.76106194690266,0.96858407079646,valid
43,2025-2026,558,315,1.77142857142857,0.974285714285714,valid
44,2025-2026,302,173,1.74566473988439,0.960115606936416,valid
45,2025-2026,154,88,1.75,0.9625,valid
46,2025-2026,418,224,1.86607142857143,1.02633928571429,valid
47,2025-2026,356,188,1.8936170212766,1.04148936170213,valid
48,2025-2026,288,155,1.85806451612903,1.02193548387097,valid
49,2025-2026,230,124,1.85483870967742,1.02016129032258,valid
50,2025-2026,208,115,1.80869565217391,0.994782608695652,valid
51,2025-2026,224,121,1.85123966942149,1.01818181818182,valid
52,2025-2026,220,119,1.84873949579832,1.01680672268908,valid
53,2025-2026,244,126,1.93650793650794,1.06507936507937,valid
54,2025-2026,280,156,1.7948717948718,0.987179487179487,valid
55,2025-2026,358,193,1.85492227979275,1.02020725388601,valid
56,2025-2026,220,120,1.83333333333333,1.00833333333333,valid
59,2025-2026,298,156,1.91025641025641,1.05064102564103,valid
62,2025-2026,226,119,1.89915966386555,1.04453781512605,valid
63,2025-2026,244,128,1.90625,1.0484375,valid
64,2025-2026,230,125,1.84,1.012,valid
65,2025-2026,364,194,1.87628865979381,1.0319587628866,valid
67,2025-2026,406,216,1.87962962962963,1.0337962962963,valid
69,2025-2026,168,89,1.8876404494382,1.03820224719101,valid
70,2025-2026,192,100,1.92,1.056,valid
71,2025-2026,344,186,1.8494623655914,1.01720430107527,valid
72,2025-2026,308,168,1.83333333333333,1.00833333333333,valid
73,2025-2026,272,148,1.83783783783784,1.01081081081081,valid
74,2025-2026,346,184,1.8804347826087,1.03423913043478,valid
75,2025-2026,190,102,1.86274509803922,1.02450980392157,valid
76,2025-2026,280,157,1.78343949044586,0.980891719745223,valid
77,2025-2026,204,111,1.83783783783784,1.01081081081081,valid
78,2025-2026,180,98,1.83673469387755,1.01020408163265,valid
79,2025-2026,160,85,1.88235294117647,1.03529411764706,valid
80,2025-2026,64,34,1.88235294117647,1.03529411764706,valid
81,2025-2026,94,53,1.77358490566038,0.975471698113208,valid
82,2025-2026,232,124,1.87096774193548,1.02903225806452,valid
83,2025-2026,48,32,1.5,0.825,valid
84,2025-2026,208,110,1.89090909090909,1.04,valid
85,2025-2026,418,217,1.92626728110599,1.0594470046083,valid
86,2025-2026,160,83,1.92771084337349,1.06024096385542,valid
87,2025-2026,112,57,1.96491228070175,1.08070175438597,valid
88,2025-2026,110,59,1.86440677966102,1.02542372881356,valid
89,2025-2026,280,150,1.86666666666667,1.02666666666667,valid
90,2025-2026,174,94,1.85106382978723,1.01808510638298,valid
91,2025-2026,390,225,1.73333333333333,0.953333333333333,valid
92,2025-2026,44,24,1.83333333333333,1.00833333333333,valid
93,2025-2026,214,122,1.75409836065574,0.964754098360656,valid
95,2025-2026,272,147,1.85034013605442,1.01768707482993,valid
96,2025-2026,52,26,2,1.1,valid
97,2025-2026,236,132,1.78787878787879,0.983333333333333,valid
98,2025-2026,168,90,1.86666666666667,1.02666666666667,valid
100,2025-2026,454,243,1.86831275720165,1.02757201646091,valid
101,2025-2026,92,56,1.64285714285714,0.903571428571429,valid
102,2025-2026,166,88,1.88636363636364,1.0375,valid
103,2025-2026,210,114,1.84210526315789,1.01315789473684,valid
104,2025-2026,208,112,1.85714285714286,1.02142857142857,valid
105,2025-2026,218,112,1.94642857142857,1.07053571428571,valid
106,2025-2026,210,111,1.89189189189189,1.04054054054054,valid
107,2025-2026,150,80,1.875,1.03125,valid
108,2025-2026,360,191,1.8848167539267,1.03664921465969,valid
109,2025-2026,374,198,1.88888888888889,1.03888888888889,valid
110,2025-2026,124,64,1.9375,1.065625,valid
111,2025-2026,236,126,1.87301587301587,1.03015873015873,valid
112,2025-2026,18,13,1.38461538461538,0.761538461538462,valid
113,2025-2026,124,73,1.6986301369863,0.934246575342466,valid
114,2025-2026,170,90,1.88888888888889,1.03888888888889,valid
115,2025-2026,366,197,1.85786802030457,1.02182741116751,valid
116,2025-2026,184,99,1.85858585858586,1.02222222222222,valid
117,2025-2026,250,146,1.71232876712329,0.941780821917808,valid
118,2025-2026,50,29,1.72413793103448,0.948275862068965,valid
119,2025-2026,666,361,1.84487534626039,1.01468144044321,valid
120,2025-2026,54,28,1.92857142857143,1.06071428571429,valid
121,2025-2026,340,199,1.70854271356784,0.939698492462312,valid
122,2025-2026,198,109,1.81651376146789,0.999082568807339,valid
123,2025-2026,334,182,1.83516483516484,1.00934065934066,valid
124,2025-2026,284,154,1.84415584415584,1.01428571428571,valid
125,2025-2026,398,218,1.8256880733945,1.00412844036697,valid
126,2025-2026,388,205,1.89268292682927,1.0409756097561,valid
127,2025-2026,174,90,1.93333333333333,1.06333333333333,valid
128,2025-2026,162,86,1.88372093023256,1.03604651162791,valid
129,2025-2026,18,9,2,1.1,valid
130,2025-2026,36,19,1.89473684210526,1.04210526315789,valid
131,2025-2026,104,57,1.82456140350877,1.00350877192982,valid
133,2025-2026,88,46,1.91304347826087,1.05217391304348,valid
134,2025-2026,64,37,1.72972972972973,0.951351351351351,valid
135,2025-2026,320,168,1.9047619047619,1.04761904761905,valid
136,2025-2026,344,185,1.85945945945946,1.0227027027027,valid
137,2025-2026,280,141,1.98581560283688,1.09219858156028,valid
138,2025-2026,284,146,1.94520547945205,1.06986301369863,valid
139,2025-2026,206,106,1.94339622641509,1.0688679245283,valid
140,2025-2026,218,113,1.92920353982301,1.06106194690265,valid
141,2025-2026,348,188,1.85106382978723,1.01808510638298,valid
142,2025-2026,456,253,1.80237154150198,0.991304347826087,valid
143,2025-2026,268,146,1.83561643835616,1.00958904109589,valid
144,2025-2026,258,135,1.91111111111111,1.05111111111111,valid
145,2025-2026,280,143,1.95804195804196,1.07692307692308,valid
146,2025-2026,272,138,1.97101449275362,1.08405797101449,valid
147,2025-2026,132,71,1.85915492957746,1.02253521126761,valid
148,2025-2026,246,125,1.968,1.0824,valid
149,2025-2026,382,205,1.86341463414634,1.02487804878049,valid
150,2025-2026,130,72,1.80555555555556,0.993055555555556,valid
152,2025-2026,204,111,1.83783783783784,1.01081081081081,valid
153,2025-2026,188,99,1.8989898989899,1.04444444444444,valid
154,2025-2026,258,152,1.69736842105263,0.933552631578947,valid
155,2025-2026,194,101,1.92079207920792,1.05643564356436,valid
156,2025-2026,232,123,1.88617886178862,1.03739837398374,valid
157,2025-2026,228,127,1.79527559055118,0.98740157480315,valid
158,2025-2026,184,103,1.78640776699029,0.98252427184466,valid
159,2025-2026,146,83,1.75903614457831,0.967469879518072,valid
160,2025-2026,394,211,1.86729857819905,1.02701421800948,valid
161,2025-2026,532,285,1.86666666666667,1.02666666666667,valid
162,2025-2026,192,99,1.93939393939394,1.06666666666667,valid
163,2025-2026,182,99,1.83838383838384,1.01111111111111,valid
164,2025-2026,402,214,1.8785046728972,1.03317757009346,valid
165,2025-2026,138,74,1.86486486486487,1.02567567567568,valid
166,2025-2026,146,75,1.94666666666667,1.07066666666667,valid
167,2025-2026,102,53,1.92452830188679,1.05849056603774,valid
168,2025-2026,314,165,1.9030303030303,1.04666666666667,valid
169,2025-2026,34,23,1.47826086956522,0.81304347826087,valid
171,2025-2026,568,298,1.90604026845638,1.04832214765101,valid
172,2025-2026,388,201,1.93034825870647,1.06169154228856,valid
173,2025-2026,286,148,1.93243243243243,1.06283783783784,valid
174,2025-2026,62,37,1.67567567567568,0.921621621621622,valid
175,2025-2026,184,103,1.78640776699029,0.98252427184466,valid
177,2025-2026,94,55,1.70909090909091,0.94,valid
178,2025-2026,96,51,1.88235294117647,1.03529411764706,valid
179,2025-2026,64,33,1.93939393939394,1.06666666666667,valid
180,2025-2026,38,22,1.72727272727273,0.95,valid
181,2025-2026,40,21,1.9047619047619,1.04761904761905,valid
182,2025-2026,228,121,1.88429752066116,1.03636363636364,valid
183,2025-2026,326,171,1.90643274853801,1.04853801169591,valid
184,2025-2026,160,86,1.86046511627907,1.02325581395349,valid
185,2025-2026,70,37,1.89189189189189,1.04054054054054,valid
186,2025-2026,386,213,1.81220657276995,0.996713615023474,valid
187,2025-2026,134,74,1.81081081081081,0.995945945945946,valid
188,2025-2026,150,80,1.875,1.03125,valid
189,2025-2026,330,182,1.81318681318681,0.997252747252747,valid
190,2025-2026,426,223,1.91031390134529,1.05067264573991,valid
191,2025-2026,276,141,1.95744680851064,1.07659574468085,valid
192,2025-2026,370,190,1.94736842105263,1.07105263157895,valid
193,2025-2026,240,123,1.95121951219512,1.07317073170732,valid
194,2025-2026,186,95,1.95789473684211,1.07684210526316,valid
196,2025-2026,282,154,1.83116883116883,1.00714285714286,valid
197,2025-2026,442,232,1.9051724137931,1.04784482758621,valid
198,2025-2026,206,112,1.83928571428571,1.01160714285714,valid
199,2025-2026,626,327,1.91437308868502,1.05290519877676,valid
200,2025-2026,102,53,1.92452830188679,1.05849056603774,valid
201,2025-2026,272,141,1.9290780141844,1.06099290780142,valid
202,2025-2026,398,234,1.7008547008547,0.935470085470086,valid
203,2025-2026,204,121,1.68595041322314,0.927272727272727,valid
204,2025-2026,160,82,1.95121951219512,1.07317073170732,valid
205,2025-2026,228,121,1.88429752066116,1.03636363636364,valid
206,2025-2026,258,134,1.92537313432836,1.0589552238806,valid
207,2025-2026,378,211,1.7914691943128,0.985308056872038,valid
208,2025-2026,372,195,1.90769230769231,1.04923076923077,valid
209,2025-2026,210,113,1.85840707964602,1.02212389380531,valid
210,2025-2026,314,178,1.76404494382022,0.970224719101124,valid
211,2025-2026,162,83,1.95180722891566,1.07349397590361,valid
212,2025-2026,94,53,1.77358490566038,0.975471698113208,valid
213,2025-2026,236,123,1.91869918699187,1.05528455284553,valid
214,2025-2026,218,119,1.83193277310924,1.00756302521008,valid
215,2025-2026,152,83,1.83132530120482,1.00722891566265,valid
216,2025-2026,254,143,1.77622377622378,0.976923076923077,valid
217,2025-2026,46,26,1.76923076923077,0.973076923076923,valid
218,2025-2026,336,192,1.75,0.9625,valid
219,2025-2026,198,103,1.92233009708738,1.05728155339806,valid
221,2025-2026,218,113,1.92920353982301,1.06106194690265,valid
222,2025-2026,252,134,1.88059701492537,1.03432835820896,valid
223,2025-2026,212,112,1.89285714285714,1.04107142857143,valid
224,2025-2026,200,108,1.85185185185185,1.01851851851852,valid
225,2025-2026,208,108,1.92592592592593,1.05925925925926,valid
226,2025-2026,356,192,1.85416666666667,1.01979166666667,valid
228,2025-2026,52,27,1.92592592592593,1.05925925925926,valid
229,2025-2026,158,82,1.92682926829268,1.05975609756098,valid
230,2025-2026,240,133,1.80451127819549,0.992481203007519,valid
231,2025-2026,184,96,1.91666666666667,1.05416666666667,valid
232,2025-2026,108,57,1.89473684210526,1.04210526315789,valid
233,2025-2026,200,117,1.70940170940171,0.94017094017094,valid
234,2025-2026,298,164,1.81707317073171,0.999390243902439,valid
235,2025-2026,248,129,1.92248062015504,1.05736434108527,valid
236,2025-2026,156,78,2,1.1,valid
237,2025-2026,94,50,1.88,1.034,valid
238,2025-2026,214,112,1.91071428571429,1.05089285714286,valid
239,2025-2026,210,110,1.90909090909091,1.05,valid
240,2025-2026,338,185,1.82702702702703,1.00486486486486,valid
241,2025-2026,376,204,1.84313725490196,1.01372549019608,valid
242,2025-2026,216,118,1.83050847457627,1.00677966101695,valid
243,2025-2026,154,84,1.83333333333333,1.00833333333333,valid
244,2025-2026,174,92,1.89130434782609,1.04021739130435,valid
245,2025-2026,388,207,1.8743961352657,1.03091787439614,valid
246,2025-2026,122,65,1.87692307692308,1.03230769230769,valid
247,2025-2026,498,275,1.81090909090909,0.996,valid
248,2025-2026,520,275,1.89090909090909,1.04,valid
249,2025-2026,136,71,1.91549295774648,1.05352112676056,valid
250,2025-2026,384,209,1.83732057416268,1.01052631578947,valid
251,2025-2026,530,288,1.84027777777778,1.01215277777778,valid
252,2025-2026,470,257,1.82879377431907,1.00583657587549,valid
253,2025-2026,150,80,1.875,1.03125,valid
254,2025-2026,218,122,1.78688524590164,0.982786885245902,valid
255,2025-2026,358,191,1.87434554973822,1.03089005235602,valid
256,2025-2026,322,164,1.96341463414634,1.07987804878049,valid
257,2025-2026,494,264,1.87121212121212,1.02916666666667,valid
258,2025-2026,210,115,1.82608695652174,1.00434782608696,valid
259,2025-2026,102,54,1.88888888888889,1.03888888888889,valid
260,2025-2026,90,52,1.73076923076923,0.951923076923077,valid
261,2025-2026,298,164,1.81707317073171,0.999390243902439,valid
262,2025-2026,158,84,1.88095238095238,1.03452380952381,valid
263,2025-2026,320,171,1.87134502923977,1.02923976608187,valid
265,2025-2026,326,178,1.8314606741573,1.00730337078652,valid
266,2025-2026,216,119,1.81512605042017,0.998319327731092,valid
267,2025-2026,152,84,1.80952380952381,0.995238095238095,valid
269,2025-2026,168,91,1.84615384615385,1.01538461538462,valid
271,2025-2026,202,111,1.81981981981982,1.0009009009009,valid
272,2025-2026,146,77,1.8961038961039,1.04285714285714,valid
273,2025-2026,196,106,1.84905660377359,1.01698113207547,valid
274,2025-2026,226,123,1.83739837398374,1.01056910569106,valid
275,2025-2026,238,132,1.8030303030303,0.991666666666667,valid
276,2025-2026,288,162,1.77777777777778,0.977777777777778,valid
277,2025-2026,266,134,1.98507462686567,1.09179104477612,valid
279,2025-2026,138,76,1.81578947368421,0.998684210526316,valid
280,2025-2026,198,100,1.98,1.089,valid
281,2025-2026,148,78,1.8974358974359,1.04358974358974,valid
282,2025-2026,218,115,1.89565217391304,1.04260869565217,valid
283,2025-2026,118,62,1.90322580645161,1.04677419354839,valid
284,2025-2026,282,152,1.85526315789474,1.02039473684211,valid
285,2025-2026,378,206,1.83495145631068,1.00922330097087,valid
286,2025-2026,356,187,1.90374331550802,1.04705882352941,valid
287,2025-2026,166,87,1.90804597701149,1.04942528735632,valid
288,2025-2026,412,221,1.86425339366516,1.02533936651584,valid
289,2025-2026,338,187,1.80748663101604,0.994117647058824,valid
290,2025-2026,356,188,1.8936170212766,1.04148936170213,valid
291,2025-2026,432,236,1.83050847457627,1.00677966101695,valid
292,2025-2026,300,158,1.89873417721519,1.04430379746835,valid
293,2025-2026,274,142,1.92957746478873,1.0612676056338,valid
294,2025-2026,366,191,1.91623036649215,1.05392670157068,valid
295,2025-2026,428,225,1.90222222222222,1.04622222222222,valid
296,2025-2026,472,263,1.79467680608365,0.987072243346008,valid
297,2025-2026,100,55,1.81818181818182,1,valid
298,2025-2026,122,68,1.79411764705882,0.986764705882353,valid
299,2025-2026,232,124,1.87096774193548,1.02903225806452,valid
300,2025-2026,120,66,1.81818181818182,1,valid
302,2025-2026,448,229,1.95633187772926,1.07598253275109,valid
303,2025-2026,232,127,1.82677165354331,1.00472440944882,valid
304,2025-2026,402,212,1.89622641509434,1.04292452830189,valid
305,2025-2026,232,125,1.856,1.0208,valid
306,2025-2026,292,161,1.81366459627329,0.997515527950311,valid
307,2025-2026,360,188,1.91489361702128,1.0531914893617,valid
309,2025-2026,396,218,1.81651376146789,0.999082568807339,valid
310,2025-2026,300,170,1.76470588235294,0.970588235294118,valid
311,2025-2026,256,136,1.88235294117647,1.03529411764706,valid
312,2025-2026,332,182,1.82417582417582,1.0032967032967,valid
314,2025-2026,164,88,1.86363636363636,1.025,valid
315,2025-2026,418,221,1.89140271493213,1.04027149321267,valid
316,2025-2026,242,126,1.92063492063492,1.05634920634921,valid
317,2025-2026,276,150,1.84,1.012,valid
319,2025-2026,242,125,1.936,1.0648,valid
320,2025-2026,336,178,1.8876404494382,1.03820224719101,valid
322,2025-2026,130,66,1.96969696969697,1.08333333333333,valid
324,2025-2026,70,40,1.75,0.9625,valid
325,2025-2026,260,139,1.8705035971223,1.02877697841727,valid
326,2025-2026,392,218,1.79816513761468,0.988990825688074,valid
327,2025-2026,270,146,1.84931506849315,1.01712328767123,valid
328,2025-2026,124,64,1.9375,1.065625,valid
329,2025-2026,96,50,1.92,1.056,valid
330,2025-2026,168,95,1.76842105263158,0.972631578947368,valid
331,2025-2026,200,112,1.78571428571429,0.982142857142857,valid
333,2025-2026,90,45,2,1.1,valid
334,2025-2026,98,50,1.96,1.078,valid
335,2025-2026,186,105,1.77142857142857,0.974285714285714,valid
336,2025-2026,232,125,1.856,1.0208,valid
337,2025-2026,124,64,1.9375,1.065625,valid
338,2025-2026,240,129,1.86046511627907,1.02325581395349,valid
339,2025-2026,388,211,1.83886255924171,1.01137440758294,valid
340,2025-2026,234,131,1.78625954198473,0.982442748091603,valid
341,2025-2026,280,150,1.86666666666667,1.02666666666667,valid
342,2025-2026,350,188,1.86170212765957,1.02393617021277,valid
343,2025-2026,62,31,2,1.1,valid
344,2025-2026,124,66,1.87878787878788,1.03333333333333,valid
345,2025-2026,328,173,1.89595375722543,1.04277456647399,valid
346,2025-2026,64,35,1.82857142857143,1.00571428571429,valid
347,2025-2026,72,41,1.75609756097561,0.965853658536586,valid
348,2025-2026,286,154,1.85714285714286,1.02142857142857,valid
349,2025-2026,246,138,1.78260869565217,0.980434782608696,valid
350,2025-2026,328,169,1.94082840236686,1.06745562130178,valid
351,2025-2026,378,197,1.91878172588832,1.05532994923858,valid
352,2025-2026,172,90,1.91111111111111,1.05111111111111,valid
353,2025-2026,204,106,1.92452830188679,1.05849056603774,valid
354,2025-2026,80,48,1.66666666666667,0.916666666666667,valid
355,2025-2026,132,73,1.80821917808219,0.994520547945205,valid
356,2025-2026,308,173,1.78034682080925,0.979190751445087,valid
357,2025-2026,274,156,1.75641025641026,0.966025641025641,valid
358,2025-2026,236,124,1.90322580645161,1.04677419354839,valid
359,2025-2026,346,186,1.86021505376344,1.02311827956989,valid
360,2025-2026,366,202,1.81188118811881,0.996534653465347,valid
361,2025-2026,240,135,1.77777777777778,0.977777777777778,valid
362,2025-2026,168,88,1.90909090909091,1.05,valid
363,2025-2026,180,94,1.91489361702128,1.0531914893617,valid
364,2025-2026,142,78,1.82051282051282,1.00128205128205,valid
365,2025-2026,356,198,1.7979797979798,0.988888888888889,valid
366,2025-2026,286,163,1.75460122699387,0.965030674846626,valid
367,2025-2026,124,67,1.85074626865672,1.01791044776119,valid
368,2025-2026,330,173,1.90751445086705,1.04913294797688,valid
369,2025-2026,228,121,1.88429752066116,1.03636363636364,valid
370,2025-2026,142,75,1.89333333333333,1.04133333333333,valid
371,2025-2026,296,157,1.88535031847134,1.03694267515924,valid
372,2025-2026,228,118,1.93220338983051,1.06271186440678,valid
373,2025-2026,102,56,1.82142857142857,1.00178571428571,valid
374,2025-2026,278,146,1.9041095890411,1.0472602739726,valid
375,2025-2026,166,86,1.93023255813954,1.06162790697674,valid
376,2025-2026,312,162,1.92592592592593,1.05925925925926,valid
377,2025-2026,116,65,1.78461538461538,0.981538461538462,valid
378,2025-2026,180,94,1.91489361702128,1.0531914893617,valid
379,2025-2026,238,122,1.95081967213115,1.07295081967213,valid
380,2025-2026,218,120,1.81666666666667,0.999166666666667,valid
383,2025-2026,220,121,1.81818181818182,1,valid
384,2025-2026,148,80,1.85,1.0175,valid
385,2025-2026,256,134,1.91044776119403,1.05074626865672,valid
386,2025-2026,214,116,1.8448275862069,1.01465517241379,valid
387,2025-2026,158,89,1.7752808988764,0.976404494382022,valid
388,2025-2026,344,183,1.87978142076503,1.03387978142077,valid
389,2025-2026,338,184,1.83695652173913,1.01032608695652,valid
390,2025-2026,480,253,1.89723320158103,1.04347826086957,valid
391,2025-2026,184,102,1.80392156862745,0.992156862745098,valid
392,2025-2026,208,114,1.82456140350877,1.00350877192982,valid
393,2025-2026,244,133,1.83458646616541,1.00902255639098,valid
394,2025-2026,240,131,1.83206106870229,1.00763358778626,valid
395,2025-2026,366,192,1.90625,1.0484375,valid
396,2025-2026,262,138,1.89855072463768,1.04420289855072,valid
397,2025-2026,278,140,1.98571428571429,1.09214285714286,valid
398,2025-2026,344,184,1.8695652173913,1.02826086956522,valid
399,2025-2026,122,65,1.87692307692308,1.03230769230769,valid
400,2025-2026,292,158,1.84810126582279,1.01645569620253,valid
401,2025-2026,280,153,1.83006535947712,1.00653594771242,valid
402,2025-2026,188,100,1.88,1.034,valid
403,2025-2026,344,182,1.89010989010989,1.03956043956044,valid
404,2025-2026,270,148,1.82432432432432,1.00337837837838,valid
405,2025-2026,238,126,1.88888888888889,1.03888888888889,valid
406,2025-2026,252,138,1.82608695652174,1.00434782608696,valid
408,2025-2026,122,65,1.87692307692308,1.03230769230769,valid
409,2025-2026,102,52,1.96153846153846,1.07884615384615,valid
