season,week_date,week_in_season,total_cases,total_population,n_abs,treated,incidence_per_100k
2011-2012,2011-10-03,14,197,14451,135,0,1363.22745830738
2011-2012,2011-10-10,15,215,16062,141,0,1338.56306811107
2011-2012,2011-10-17,16,266,18527,168,0,1435.74242996708
2011-2012,2011-10-24,17,240,18335,167,0,1308.9719116444
2011-2012,2011-10-31,18,233,16871,156,0,1381.0681050323
2011-2012,2011-11-07,19,266,17872,161,0,1488.36168307968
2011-2012,2011-11-14,20,310,20620,189,0,1503.39476236663
2011-2012,2011-11-21,21,439,23656,217,0,1855.7659790328
2011-2012,2011-11-28,22,684,29337,271,0,2331.52674097556
2011-2012,2011-12-05,23,587,27571,256,0,2129.04863806173
2011-2012,2011-12-12,24,948,31794,302,0,2981.69465936969
2011-2012,2011-12-19,25,764,29838,281,0,2560.49333065219
2011-2012,2011-12-26,26,646,27746,262,0,2328.2635334823
2011-2012,2012-01-02,27,617,29204,266,0,2112.72428434461
2011-2012,2012-01-09,28,585,28219,255,0,2073.07133491619
2011-2012,2012-01-16,29,355,21422,199,0,1657.1748669592
2011-2012,2012-01-23,30,325,21059,193,0,1543.28315684505
2011-2012,2012-01-30,31,283,19337,175,0,1463.51554015618
2011-2012,2012-02-06,32,259,17448,157,0,1484.41082072444
2011-2012,2012-02-13,33,253,18837,164,0,1343.10134310134
2011-2012,2012-02-20,34,254,19297,170,0,1316.26677721926
2011-2012,2012-02-27,35,269,19111,180,0,1407.56632306002
2011-2012,2012-03-05,36,227,16844,143,0,1347.66088815008
2011-2012,2012-03-12,37,256,19342,169,0,1323.54461792989
2011-2012,2012-03-19,38,227,17152,158,0,1323.46082089552
2011-2012,2012-03-26,39,216,16741,149,0,1290.24550504749
2011-2012,2012-04-02,40,210,16770,145,0,1252.23613595707
2011-2012,2012-04-09,41,191,15352,131,0,1244.1375716519
2011-2012,2012-04-16,42,167,14153,122,0,1179.96184554511
2011-2012,2012-04-23,43,163,13326,114,0,1223.17274500976
2011-2012,2012-04-30,44,154,11531,104,0,1335.53030960021
2011-2012,2012-05-07,45,140,11898,105,0,1176.66834762145
2011-2012,2012-05-14,46,149,12611,111,0,1181.50820712077
2011-2012,2012-05-21,47,121,11413,97,0,1060.19451502672
2011-2012,2012-05-28,48,106,9614,83,0,1102.55876846266
2011-2012,2012-06-04,49,94,8286,72,0,1134.44363987449
2011-2012,2012-06-11,50,87,8389,72,0,1037.07235665753
2011-2012,2012-06-18,51,79,7369,63,0,1072.05862396526
2011-2012,2012-06-25,52,54,5720,45,0,944.055944055944
2012-2013,2012-07-02,1,69,6606,60,0,1044.50499545867
2012-2013,2012-07-09,2,51,5387,44,0,946.723593837015
2012-2013,2012-07-16,3,37,3743,33,0,988.511888859204
2012-2013,2012-07-23,4,43,4361,39,0,986.012382481082
2012-2013,2012-07-30,5,32,3099,30,0,1032.59115843821
2012-2013,2012-08-06,6,26,2777,24,0,936.262153402953
2012-2013,2012-08-13,7,27,3030,23,0,891.089108910891
2012-2013,2012-08-20,8,30,3844,30,0,780.437044745057
2012-2013,2012-08-27,9,39,3906,33,0,998.463901689708
2012-2013,2012-09-03,10,46,4833,42,0,951.789778605421
2012-2013,2012-09-10,11,47,4916,45,0,956.061838893409
2012-2013,2012-09-17,12,98,9528,84,0,1028.54743912678
2012-2013,2012-09-24,13,170,14353,122,0,1184.42137532223
2012-2013,2012-10-01,14,171,15145,132,0,1129.08550676791
2012-2013,2012-10-08,15,187,15011,134,0,1245.75311438279
2012-2013,2012-10-15,16,214,15939,144,0,1342.61873392308
2012-2013,2012-10-22,17,179,14539,128,0,1231.1713322787
2012-2013,2012-10-29,18,192,14791,134,0,1298.08667432898
2012-2013,2012-11-05,19,304,19506,172,0,1558.49482210602
2012-2013,2012-11-12,20,359,22469,200,0,1597.75690951978
2012-2013,2012-11-19,21,484,25151,233,0,1924.37676434337
2012-2013,2012-11-26,22,555,26908,240,0,2062.58361825479
2012-2013,2012-12-03,23,607,28797,263,0,2107.85845747821
2012-2013,2012-12-10,24,884,31823,292,0,2777.86506614713
2012-2013,2012-12-17,25,946,31886,295,0,2966.81929373393
2012-2013,2012-12-24,26,742,30936,287,0,2398.5001292992
2012-2013,2012-12-31,27,895,30610,289,0,2923.88108461287
2012-2013,2013-01-07,28,740,28907,278,0,2559.93358010171
2012-2013,2013-01-14,29,519,25460,242,0,2038.49175176748
2012-2013,2013-01-21,30,403,22215,213,0,1814.08957911321
2012-2013,2013-01-28,31,379,22269,209,0,1701.91746373883
2012-2013,2013-02-04,32,288,19570,184,0,1471.64026571283
2012-2013,2013-02-11,33,265,17693,164,0,1497.76747866388
2012-2013,2013-02-18,34,245,17014,162,0,1439.99059597978
2012-2013,2013-02-25,35,209,15618,143,0,1338.199513382
2012-2013,2013-03-04,36,209,15690,145,0,1332.05863607393
2012-2013,2013-03-11,37,252,18015,162,0,1398.83430474605
2012-2013,2013-03-18,38,233,16757,152,0,1390.46368681745
2012-2013,2013-03-25,39,171,13207,114,0,1294.7679260998
2012-2013,2013-04-01,40,212,15696,146,0,1350.6625891947
2012-2013,2013-04-08,41,168,13523,130,0,1242.32788582415
2012-2013,2013-04-15,42,204,16724,151,0,1219.80387467113
2012-2013,2013-04-22,43,180,14463,134,0,1244.55507156192
2012-2013,2013-04-29,44,157,11851,114,0,1324.78271875791
2012-2013,2013-05-06,45,165,14437,126,0,1142.89672369606
2012-2013,2013-05-13,46,168,12604,122,0,1332.91018724215
2012-2013,2013-05-20,47,115,9657,88,0,1190.84601843223
2012-2013,2013-05-27,48,138,12104,109,0,1140.11896893589
2012-2013,2013-06-03,49,121,10279,92,0,1177.15731102247
2012-2013,2013-06-10,50,115,8846,86,0,1300.02260908885
2012-2013,2013-06-17,51,109,9339,84,0,1167.14851697184
2012-2013,2013-06-24,52,53,5337,46,0,993.06726625445
2013-2014,2013-07-01,1,74,7184,65,0,1030.06681514477
2013-2014,2013-07-08,2,62,5365,52,0,1155.63839701771
2013-2014,2013-07-15,3,56,5264,49,0,1063.82978723404
2013-2014,2013-07-22,4,35,3511,30,0,996.866989461692
2013-2014,2013-07-29,5,39,3929,35,0,992.618987019598
2013-2014,2013-08-05,6,41,4267,39,0,960.862432622451
2013-2014,2013-08-12,7,37,4043,34,0,915.162008409597
2013-2014,2013-08-19,8,44,4667,41,0,942.789800728519
2013-2014,2013-08-26,9,48,4699,42,0,1021.49393487976
2013-2014,2013-09-02,10,59,6109,52,0,965.788181371747
2013-2014,2013-09-09,11,61,5505,55,0,1108.08356039964
2013-2014,2013-09-16,12,133,11566,104,0,1149.92218571676
2013-2014,2013-09-23,13,250,17594,165,0,1420.93895646243
2013-2014,2013-09-30,14,226,15416,139,0,1466.00934094447
2013-2014,2013-10-07,15,191,15053,131,0,1268.85006311034
2013-2014,2013-10-14,16,191,14460,134,0,1320.88520055325
2013-2014,2013-10-21,17,229,17195,156,0,1331.78249491131
2013-2014,2013-10-28,18,162,12821,124,0,1263.55198502457
2013-2014,2013-11-04,19,234,17103,157,0,1368.18102087353
2013-2014,2013-11-11,20,219,15886,147,0,1378.57232783583
2013-2014,2013-11-18,21,301,20324,188,0,1481.0076756544
2013-2014,2013-11-25,22,370,21381,208,0,1730.50839530424
2013-2014,2013-12-02,23,395,23098,216,0,1710.10477097584
2013-2014,2013-12-09,24,608,27407,262,0,2218.41135476338
2013-2014,2013-12-16,25,724,29531,281,0,2451.66096644204
2013-2014,2013-12-23,26,630,26707,257,0,2358.9321151758
2013-2014,2013-12-30,27,910,28256,297,0,3220.55492638732
2013-2014,2014-01-06,28,690,27369,289,0,2521.10051518141
2013-2014,2014-01-13,29,524,24311,255,0,2155.40290403521
2013-2014,2014-01-20,30,449,21924,230,0,2047.98394453567
2013-2014,2014-01-27,31,420,21047,228,0,1995.53380529292
2013-2014,2014-02-03,32,382,19646,209,0,1944.41616614069
2013-2014,2014-02-10,33,340,19163,203,0,1774.25246568909
2013-2014,2014-02-17,34,309,18260,186,0,1692.22343921139
2013-2014,2014-02-24,35,289,17237,179,0,1676.62586296919
2013-2014,2014-03-03,36,271,16672,175,0,1625.47984644914
2013-2014,2014-03-10,37,263,16194,166,0,1624.05829319501
2013-2014,2014-03-17,38,289,17162,174,0,1683.95291924018
2013-2014,2014-03-24,39,258,16700,166,0,1544.91017964072
2013-2014,2014-03-31,40,263,16620,171,0,1582.43080625752
2013-2014,2014-04-07,41,243,16955,174,0,1433.20554408729
2013-2014,2014-04-14,42,212,14304,150,0,1482.1029082774
2013-2014,2014-04-21,43,185,12467,135,0,1483.9175423117
2013-2014,2014-04-28,44,157,11487,119,0,1366.76242709149
2013-2014,2014-05-05,45,170,12200,127,0,1393.44262295082
2013-2014,2014-05-12,46,146,10768,107,0,1355.86924219911
2013-2014,2014-05-19,47,123,10199,105,0,1206.00058829297
2013-2014,2014-05-26,48,149,10901,111,0,1366.8470782497
2013-2014,2014-06-02,49,133,10243,98,0,1298.44772039442
2013-2014,2014-06-09,50,124,10414,102,0,1190.70482043403
2013-2014,2014-06-16,51,103,8703,83,0,1183.49994254855
2013-2014,2014-06-23,52,63,5384,54,0,1170.13372956909
2014-2015,2014-07-07,1,63,4821,48,0,1306.78282514001
2014-2015,2014-07-14,2,50,4410,44,0,1133.78684807256
2014-2015,2014-07-21,3,50,4807,46,0,1040.14978156855
2014-2015,2014-07-28,4,55,4812,49,0,1142.97589359934
2014-2015,2014-08-04,5,60,5426,50,0,1105.78695171397
2014-2015,2014-08-11,6,38,3731,33,0,1018.49370142053
2014-2015,2014-08-18,7,71,6068,57,0,1170.07251153593
2014-2015,2014-08-25,8,44,4708,44,0,934.579439252336
2014-2015,2014-09-01,9,73,6448,64,0,1132.13399503722
2014-2015,2014-09-08,10,52,5031,46,0,1033.59173126615
2014-2015,2014-09-15,11,89,7824,73,0,1137.52556237219
2014-2015,2014-09-22,12,128,8938,92,0,1432.08771537257
2014-2015,2014-09-29,13,211,14674,148,0,1437.9174049339
2014-2015,2014-10-06,14,242,15299,154,0,1581.80273220472
2014-2015,2014-10-13,15,241,16197,160,0,1487.92986355498
2014-2015,2014-10-20,16,261,16949,164,0,1539.91385922473
2014-2015,2014-10-27,17,261,17952,178,0,1453.87700534759
2014-2015,2014-11-03,18,284,16229,165,0,1749.9537864317
2014-2015,2014-11-10,19,316,18563,190,0,1702.31104886064
2014-2015,2014-11-17,20,351,20240,212,0,1734.18972332016
2014-2015,2014-11-24,21,460,22664,231,0,2029.65054712319
2014-2015,2014-12-01,22,535,24233,250,0,2207.73325630339
2014-2015,2014-12-08,23,652,26988,282,0,2415.88854305617
2014-2015,2014-12-15,24,894,28601,305,0,3125.76483339743
2014-2015,2014-12-22,25,610,26312,277,0,2318.33384007297
2014-2015,2014-12-29,26,933,28686,297,0,3252.45764484418
2014-2015,2015-01-05,27,844,28474,296,0,2964.10760693966
2014-2015,2015-01-12,28,655,26560,277,0,2466.11445783133
2014-2015,2015-01-19,29,473,22661,235,0,2087.28652751423
2014-2015,2015-01-26,30,463,20112,210,0,2302.10819411297
2014-2015,2015-02-02,31,433,21430,219,0,2020.5319645357
2014-2015,2015-02-09,32,347,20066,210,0,1729.29333200439
2014-2015,2015-02-16,33,331,18854,185,0,1755.59562957463
2014-2015,2015-02-23,34,271,16333,164,0,1659.21753505174
2014-2015,2015-03-02,35,294,17645,178,0,1666.19438934542
2014-2015,2015-03-09,36,288,17284,173,0,1666.28095348299
2014-2015,2015-03-16,37,287,17247,179,0,1664.05751724938
2014-2015,2015-03-23,38,308,19390,186,0,1588.4476534296
2014-2015,2015-03-30,39,259,16882,175,0,1534.17841487975
2014-2015,2015-04-06,40,244,15363,162,0,1588.23146520862
2014-2015,2015-04-13,41,179,13367,132,0,1339.11872521882
2014-2015,2015-04-20,42,207,14988,151,0,1381.10488390713
2014-2015,2015-04-27,43,204,13976,137,0,1459.64510589582
2014-2015,2015-05-04,44,170,12706,129,0,1337.95057453172
2014-2015,2015-05-11,45,120,9786,98,0,1226.24156958921
2014-2015,2015-05-18,46,137,10672,101,0,1283.73313343328
2014-2015,2015-05-25,47,108,9228,93,0,1170.3511053316
2014-2015,2015-06-01,48,124,10206,98,0,1214.97158534196
2014-2015,2015-06-08,49,94,7781,77,0,1208.0709420383
2014-2015,2015-06-15,50,84,7215,74,0,1164.24116424116
2014-2015,2015-06-22,51,62,5609,58,0,1105.366375468
2014-2015,2015-06-29,52,56,4695,50,0,1192.75825346113
2015-2016,2015-07-06,1,49,4275,42,0,1146.19883040936
2015-2016,2015-07-13,2,35,3505,32,0,998.573466476462
2015-2016,2015-07-20,3,39,3916,36,0,995.914198161389
2015-2016,2015-07-27,4,42,3482,37,0,1206.20333141873
2015-2016,2015-08-03,5,38,3782,35,0,1004.75938656795
2015-2016,2015-08-10,6,42,3643,39,0,1152.89596486412
2015-2016,2015-08-17,7,49,3928,44,0,1247.45417515275
2015-2016,2015-08-24,8,40,4268,35,0,937.207122774133
2015-2016,2015-08-31,9,45,4548,42,0,989.445910290238
2015-2016,2015-09-07,10,50,4541,45,0,1101.07905747633
2015-2016,2015-09-14,11,85,6846,65,0,1241.60093485247
2015-2016,2015-09-21,12,178,12537,122,0,1419.7973996969
2015-2016,2015-09-28,13,204,14552,145,0,1401.8691588785
2015-2016,2015-10-05,14,214,14787,152,0,1447.2171501995
2015-2016,2015-10-12,15,185,13001,137,0,1422.96746404123
2015-2016,2015-10-19,16,217,15073,156,0,1439.66031977709
2015-2016,2015-10-26,17,253,16744,176,0,1510.98901098901
2015-2016,2015-11-02,18,279,17335,175,0,1609.46062878569
2015-2016,2015-11-09,19,283,17591,174,0,1608.77721562162
2015-2016,2015-11-16,20,305,17283,178,0,1764.73991783834
2015-2016,2015-11-23,21,407,21780,224,0,1868.68686868687
2015-2016,2015-11-30,22,610,24897,252,0,2450.0943888822
2015-2016,2015-12-07,23,799,28288,298,0,2824.51923076923
2015-2016,2015-12-14,24,1033,29767,316,0,3470.28588705614
2015-2016,2015-12-21,25,1045,30418,326,0,3435.4658425932
2015-2016,2015-12-28,26,1370,31351,334,0,4369.87655896144
2015-2016,2016-01-04,27,1180,29643,326,0,3980.70370745201
2015-2016,2016-01-11,28,757,26690,295,0,2836.26826526789
2015-2016,2016-01-18,29,495,22048,237,0,2245.10159651669
2015-2016,2016-01-25,30,473,22263,245,0,2124.6013565108
2015-2016,2016-02-01,31,407,20007,222,0,2034.28799920028
2015-2016,2016-02-08,32,347,19177,205,0,1809.45924805757
2015-2016,2016-02-15,33,300,17227,191,0,1741.45237127765
2015-2016,2016-02-22,34,255,15759,166,0,1618.12297734628
2015-2016,2016-02-29,35,252,16142,166,0,1561.144839549
2015-2016,2016-03-07,36,195,12852,137,0,1517.27357609711
2015-2016,2016-03-14,37,231,14781,152,0,1562.81713009945
2015-2016,2016-03-21,38,191,12452,132,0,1533.89013813042
2015-2016,2016-03-28,39,189,13454,143,0,1404.7866805411
2015-2016,2016-04-04,40,173,12058,130,0,1434.73212804777
2015-2016,2016-04-11,41,163,10825,119,0,1505.77367205543
2015-2016,2016-04-18,42,159,11243,119,0,1414.21328826826
2015-2016,2016-04-25,43,168,12687,130,0,1324.19011586664
2015-2016,2016-05-02,44,158,10400,107,0,1519.23076923077
2015-2016,2016-05-09,45,151,10211,113,0,1478.79737537949
2015-2016,2016-05-16,46,144,10005,106,0,1439.28035982009
2015-2016,2016-05-23,47,138,10236,108,0,1348.18288393904
2015-2016,2016-05-30,48,108,8130,86,0,1328.41328413284
2015-2016,2016-06-06,49,117,9438,98,0,1239.6694214876
2015-2016,2016-06-13,50,119,8168,84,0,1456.90499510284
2015-2016,2016-06-20,51,75,6286,63,0,1193.12758510977
2015-2016,2016-06-27,52,95,7847,80,0,1210.65375302663
2016-2017,2016-07-04,1,75,6459,68,0,1161.1704598235
2016-2017,2016-07-11,2,72,6045,64,0,1191.06699751861
2016-2017,2016-07-18,3,55,4679,47,0,1175.46484291515
2016-2017,2016-07-25,4,51,4262,47,0,1196.62130455185
2016-2017,2016-08-01,5,49,4129,44,0,1186.72802131267
2016-2017,2016-08-08,6,44,3408,37,0,1291.07981220657
2016-2017,2016-08-15,7,49,4073,42,0,1203.04443898846
2016-2017,2016-08-22,8,48,3885,41,0,1235.52123552124
2016-2017,2016-08-29,9,46,3883,42,0,1184.65104300798
2016-2017,2016-09-05,10,44,3976,41,0,1106.63983903421
2016-2017,2016-09-12,11,51,4353,44,0,1171.60578911096
2016-2017,2016-09-19,12,137,9919,103,0,1381.18761971973
2016-2017,2016-09-26,13,221,13718,143,0,1611.02201487097
2016-2017,2016-10-03,14,221,13712,145,0,1611.72695449242
2016-2017,2016-10-10,15,205,13960,148,0,1468.48137535817
2016-2017,2016-10-17,16,258,16324,173,0,1580.49497672139
2016-2017,2016-10-24,17,330,18644,202,0,1770.00643638704
2016-2017,2016-10-31,18,326,18937,199,0,1721.4975972963
2016-2017,2016-11-07,19,413,20447,216,0,2019.85621362547
2016-2017,2016-11-14,20,471,21608,231,0,2179.74824139208
2016-2017,2016-11-21,21,673,25648,277,0,2623.986275733
2016-2017,2016-11-28,22,817,26572,290,0,3074.66506096643
2016-2017,2016-12-05,23,765,25558,278,0,2993.19195555208
2016-2017,2016-12-12,24,1104,29041,321,0,3801.5219861575
2016-2017,2016-12-19,25,934,27975,313,0,3338.69526362824
2016-2017,2016-12-26,26,798,25482,280,0,3131.6223216388
2016-2017,2017-01-02,27,741,26225,287,0,2825.54814108675
2016-2017,2017-01-09,28,613,25041,279,0,2447.98530410127
2016-2017,2017-01-16,29,378,19754,212,0,1913.53649893692
2016-2017,2017-01-23,30,304,18548,195,0,1638.99072676299
2016-2017,2017-01-30,31,324,17590,185,0,1841.95565662308
2016-2017,2017-02-06,32,300,18301,198,0,1639.25468553631
2016-2017,2017-02-13,33,317,17138,189,0,1849.69074571128
2016-2017,2017-02-20,34,279,17700,187,0,1576.27118644068
2016-2017,2017-02-27,35,281,16583,176,0,1694.50642223964
2016-2017,2017-03-06,36,312,17783,188,0,1754.48462014283
2016-2017,2017-03-13,37,263,15968,171,0,1647.04408817635
2016-2017,2017-03-20,38,235,15506,161,0,1515.54237069521
2016-2017,2017-03-27,39,240,15838,165,0,1515.34284631898
2016-2017,2017-04-03,40,206,13579,146,0,1517.0483835334
2016-2017,2017-04-10,41,164,11859,120,0,1382.91592883042
2016-2017,2017-04-17,42,163,11343,116,0,1437.00960945076
2016-2017,2017-04-24,43,123,8735,95,0,1408.12821980538
2016-2017,2017-05-01,44,124,10297,102,0,1204.23424298339
2016-2017,2017-05-08,45,142,11196,116,0,1268.31011075384
2016-2017,2017-05-15,46,142,10380,111,0,1368.01541425819
2016-2017,2017-05-22,47,115,9008,95,0,1276.64298401421
2016-2017,2017-05-29,48,110,9110,93,0,1207.46432491767
2016-2017,2017-06-05,49,91,7918,77,0,1149.28012124274
2016-2017,2017-06-12,50,92,7105,80,0,1294.86277269529
2016-2017,2017-06-19,51,73,6411,66,0,1138.66791452192
2016-2017,2017-06-26,52,76,6089,66,0,1248.15240597799
2017-2018,2017-07-03,1,62,5523,57,0,1122.5783088901
2017-2018,2017-07-10,2,66,5956,62,0,1108.12625923439
2017-2018,2017-07-17,3,63,5314,54,0,1185.54761008656
2017-2018,2017-07-24,4,44,3757,42,0,1171.14719190844
2017-2018,2017-07-31,5,53,4641,48,0,1141.99525964232
2017-2018,2017-08-07,6,62,5284,55,0,1173.35352006056
2017-2018,2017-08-14,7,48,3942,45,0,1217.65601217656
2017-2018,2017-08-21,8,57,4157,48,0,1371.18114024537
2017-2018,2017-08-28,9,49,4357,44,0,1124.62703695203
2017-2018,2017-09-04,10,65,5595,56,0,1161.75156389634
2017-2018,2017-09-11,11,66,5690,60,0,1159.92970123023
2017-2018,2017-09-18,12,175,12004,126,0,1457.84738420527
2017-2018,2017-09-25,13,260,16543,169,0,1571.66173003687
2017-2018,2017-10-02,14,233,15502,156,0,1503.03186685589
2017-2018,2017-10-09,15,214,13901,145,0,1539.45759297892
2017-2018,2017-10-16,16,265,15724,161,0,1685.32180106843
2017-2018,2017-10-23,17,273,16161,170,0,1689.25190272879
2017-2018,2017-10-30,18,324,18492,200,0,1752.10902011681
2017-2018,2017-11-06,19,374,18955,200,0,1973.09417040359
2017-2018,2017-11-13,20,483,21928,236,0,2202.66326158336
2017-2018,2017-11-20,21,639,24294,262,0,2630.27908125463
2017-2018,2017-11-27,22,788,25924,283,0,3039.65437432495
2017-2018,2017-12-04,23,637,24299,263,0,2621.50705790362
2017-2018,2017-12-11,24,1055,28974,317,0,3641.19555463519
2017-2018,2017-12-18,25,803,27680,304,0,2901.01156069364
2017-2018,2017-12-25,26,592,23727,264,0,2495.04783579888
2017-2018,2018-01-01,27,627,23871,269,0,2626.61807213774
2017-2018,2018-01-08,28,511,22362,248,0,2285.12655397549
2017-2018,2018-01-15,29,323,17515,194,0,1844.13359977162
2017-2018,2018-01-22,30,310,17678,198,0,1753.59203529811
2017-2018,2018-01-29,31,295,17067,188,0,1728.48186558856
2017-2018,2018-02-05,32,237,14088,156,0,1682.28279386712
2017-2018,2018-02-12,33,265,16573,175,0,1598.98630302299
2017-2018,2018-02-19,34,318,16983,188,0,1872.46069599011
2017-2018,2018-02-26,35,277,16410,187,0,1687.99512492383
2017-2018,2018-03-05,36,325,17421,193,0,1865.56454853338
2017-2018,2018-03-12,37,336,18982,206,0,1770.09798756717
2017-2018,2018-03-19,38,316,17444,195,0,1811.51112130245
2017-2018,2018-03-26,39,243,15667,164,0,1551.0308291313
2017-2018,2018-04-02,40,247,15085,161,0,1637.38813390786
2017-2018,2018-04-09,41,225,14479,158,0,1553.97472201119
2017-2018,2018-04-16,42,211,14108,152,0,1495.60533030904
2017-2018,2018-04-23,43,189,12606,138,0,1499.28605425988
2017-2018,2018-04-30,44,171,12542,137,0,1363.41891245415
2017-2018,2018-05-07,45,146,11410,124,0,1279.57931638913
2017-2018,2018-05-14,46,156,10956,121,0,1423.87732749179
2017-2018,2018-05-21,47,155,11197,116,0,1384.29936590158
2017-2018,2018-05-28,48,138,10732,107,0,1285.87402161759
2017-2018,2018-06-04,49,110,8280,90,0,1328.50241545894
2017-2018,2018-06-11,50,115,8271,88,0,1390.40019344698
2017-2018,2018-06-18,51,83,6565,68,0,1264.28027418126
2017-2018,2018-06-25,52,66,5396,57,0,1223.12824314307
2018-2019,2018-07-02,1,65,5017,56,0,1295.59497707794
2018-2019,2018-07-09,2,62,5024,54,0,1234.07643312102
2018-2019,2018-07-16,3,57,4497,52,0,1267.51167444963
2018-2019,2018-07-23,4,43,4033,41,0,1066.2038184974
2018-2019,2018-07-30,5,52,3804,45,0,1366.98212407992
2018-2019,2018-08-06,6,40,3601,37,0,1110.80255484588
2018-2019,2018-08-13,7,55,4493,47,0,1224.1264188738
2018-2019,2018-08-20,8,37,3304,36,0,1119.85472154964
2018-2019,2018-08-27,9,51,4422,46,0,1153.32428765265
2018-2019,2018-09-03,10,52,4888,47,0,1063.82978723404
2018-2019,2018-09-10,11,77,6216,66,0,1238.73873873874
2018-2019,2018-09-17,12,158,10337,116,0,1528.48989068395
2018-2019,2018-09-24,13,237,14338,153,0,1652.95020225973
2018-2019,2018-10-01,14,204,13405,140,0,1521.82021633719
2018-2019,2018-10-08,15,189,12656,139,0,1493.36283185841
2018-2019,2018-10-15,16,262,14731,165,0,1778.56221573552
2018-2019,2018-10-22,17,227,14145,154,0,1604.80735242135
2018-2019,2018-10-29,18,246,15112,164,0,1627.8454208576
2018-2019,2018-11-05,19,306,17889,192,0,1710.54838168707
2018-2019,2018-11-12,20,349,18056,198,0,1932.87549844927
2018-2019,2018-11-19,21,458,21957,234,0,2085.89515871932
2018-2019,2018-11-26,22,456,20878,227,0,2184.1172526104
2018-2019,2018-12-03,23,759,25098,279,0,3024.14535022711
2018-2019,2018-12-10,24,1010,28108,316,0,3593.28305108866
2018-2019,2018-12-17,25,1037,28720,333,0,3610.72423398329
2018-2019,2018-12-24,26,839,24633,280,0,3406.0000811919
2018-2019,2018-12-31,27,933,26559,318,0,3512.93346888061
2018-2019,2019-01-07,28,722,24769,300,0,2914.93399006823
2018-2019,2019-01-14,29,489,21361,248,0,2289.21866953794
2018-2019,2019-01-21,30,409,19329,227,0,2115.99151533965
2018-2019,2019-01-28,31,349,17563,204,0,1987.13203894551
2018-2019,2019-02-04,32,308,16250,185,0,1895.38461538462
2018-2019,2019-02-11,33,277,15536,183,0,1782.95571575695
2018-2019,2019-02-18,34,229,14308,167,0,1600.50321498462
2018-2019,2019-02-25,35,278,16083,181,0,1728.53323384941
2018-2019,2019-03-04,36,228,13764,158,0,1656.4952048823
2018-2019,2019-03-11,37,252,14230,161,0,1770.9065354884
2018-2019,2019-03-18,38,244,13877,153,0,1758.30510917345
2018-2019,2019-03-25,39,238,14513,166,0,1639.90904706126
2018-2019,2019-04-01,40,267,15022,165,0,1777.3931567035
2018-2019,2019-04-08,41,263,15234,172,0,1726.40147039517
2018-2019,2019-04-15,42,194,12588,143,0,1541.1503018748
2018-2019,2019-04-22,43,206,13156,146,0,1565.82547886896
2018-2019,2019-04-29,44,183,12774,139,0,1432.59746359793
2018-2019,2019-05-06,45,168,11308,123,0,1485.67385921472
2018-2019,2019-05-13,46,179,11698,131,0,1530.17609847837
2018-2019,2019-05-20,47,156,10549,119,0,1478.81315764527
2018-2019,2019-05-27,48,138,9042,107,0,1526.21101526211
2018-2019,2019-06-03,49,134,9708,108,0,1380.30490317264
2018-2019,2019-06-10,50,112,8444,91,0,1326.38559924207
2018-2019,2019-06-17,51,91,7049,73,0,1290.9632571996
2018-2019,2019-06-24,52,80,6531,69,0,1224.92726994335
2019-2020,2019-07-01,1,68,5378,59,0,1264.41056154704
2019-2020,2019-07-08,2,57,4458,54,0,1278.600269179
2019-2020,2019-07-15,3,43,3405,40,0,1262.84875183554
2019-2020,2019-07-22,4,43,3440,40,0,1250
2019-2020,2019-07-29,5,41,3538,39,0,1158.84680610514
2019-2020,2019-08-05,6,34,2736,31,0,1242.69005847953
2019-2020,2019-08-12,7,37,3220,35,0,1149.06832298137
2019-2020,2019-08-19,8,33,2534,29,0,1302.28887134964
2019-2020,2019-08-26,9,37,3213,35,0,1151.57173980703
2019-2020,2019-09-02,10,43,3202,40,0,1342.91068082448
2019-2020,2019-09-09,11,44,3710,42,0,1185.98382749326
2019-2020,2019-09-16,12,73,5404,63,0,1350.85122131754
2019-2020,2019-09-23,13,127,9578,103,0,1325.95531426185
2019-2020,2019-09-30,14,121,7996,87,0,1513.25662831416
2019-2020,2019-10-07,15,204,12159,143,0,1677.76955341722
2019-2020,2019-10-14,16,198,12674,140,0,1562.25343222345
2019-2020,2019-10-21,17,233,14566,169,0,1599.61554304545
2019-2020,2019-10-28,18,206,12390,144,0,1662.63115415658
2019-2020,2019-11-04,19,261,14772,164,0,1766.85621445979
2019-2020,2019-11-11,20,282,15712,179,0,1794.80651731161
2019-2020,2019-11-18,21,388,18848,217,0,2058.57385398981
2019-2020,2019-11-25,22,566,21662,247,0,2612.87046440772
2019-2020,2019-12-02,23,583,23098,264,0,2524.028054377
2019-2020,2019-12-09,24,887,25190,297,0,3521.23858674077
2019-2020,2019-12-16,25,1022,26648,317,0,3835.18462924047
2019-2020,2019-12-23,26,827,25010,295,0,3306.67732906837
2019-2020,2019-12-30,27,1015,26009,317,0,3902.49529009189
2019-2020,2020-01-06,28,656,23939,290,0,2740.2982580726
2019-2020,2020-01-13,29,450,19551,233,0,2301.67254871874
2019-2020,2020-01-20,30,391,18391,229,0,2126.03991082595
2019-2020,2020-01-27,31,395,17333,210,0,2278.88997865344
2019-2020,2020-02-03,32,317,16697,200,0,1898.54464873929
2019-2020,2020-02-10,33,321,16003,188,0,2005.873898644
2019-2020,2020-02-17,34,257,14909,171,0,1723.7909987256
2019-2020,2020-02-24,35,201,12132,144,0,1656.77546983185
2019-2020,2020-03-02,36,209,12723,144,0,1642.69433309754
2019-2020,2020-03-09,37,185,11949,140,0,1548.24671520629
2019-2020,2020-03-16,38,92,7230,79,0,1272.47579529737
2019-2020,2020-03-23,39,49,3869,44,0,1266.47712587232
2019-2020,2020-03-30,40,27,2156,26,0,1252.31910946197
2019-2020,2020-04-06,41,12,947,10,0,1267.15945089757
2019-2020,2020-04-13,42,6,492,6,0,1219.51219512195
2019-2020,2020-04-20,43,11,824,11,0,1334.95145631068
2019-2020,2020-04-27,44,7,713,7,0,981.767180925666
2019-2020,2020-05-04,45,6,499,6,0,1202.40480961924
2019-2020,2020-05-11,46,9,894,9,0,1006.71140939597
2019-2020,2020-05-18,47,12,1202,12,0,998.336106489185
2019-2020,2020-05-25,48,10,687,10,0,1455.60407569141
2019-2020,2020-06-01,49,6,615,6,0,975.609756097561
2019-2020,2020-06-08,50,6,515,6,0,1165.04854368932
2019-2020,2020-06-15,51,9,975,9,0,923.076923076923
2019-2020,2020-06-22,52,9,849,8,0,1060.07067137809
2020-2021,2020-07-06,1,7,581,7,0,1204.81927710843
2020-2021,2020-07-13,2,5,377,5,0,1326.2599469496
2020-2021,2020-07-20,3,6,525,6,0,1142.85714285714
2020-2021,2020-07-27,4,9,811,9,0,1109.74106041924
2020-2021,2020-08-03,5,18,1515,16,0,1188.11881188119
2020-2021,2020-08-10,6,22,1541,18,0,1427.64438676184
2020-2021,2020-08-17,7,18,1826,18,0,985.761226725082
2020-2021,2020-08-24,8,28,2511,26,0,1115.09358821187
2020-2021,2020-08-31,9,21,1792,21,0,1171.875
2020-2021,2020-09-07,10,25,1660,20,0,1506.02409638554
2020-2021,2020-09-14,11,47,3661,42,0,1283.80223982518
2020-2021,2020-09-21,12,75,6260,68,0,1198.08306709265
2020-2021,2020-09-28,13,101,7321,80,0,1379.59295178254
2020-2021,2020-10-05,14,73,5101,57,0,1431.09194275632
2020-2021,2020-10-12,15,70,5614,62,0,1246.88279301746
2020-2021,2020-10-19,16,86,7085,75,0,1213.83203952011
2020-2021,2020-10-26,17,83,5254,71,0,1579.74876284735
2020-2021,2020-11-02,18,67,5451,58,0,1229.13226930838
2020-2021,2020-11-09,19,73,5137,63,0,1421.06287716566
2020-2021,2020-11-16,20,63,5598,58,0,1125.40192926045
2020-2021,2020-11-23,21,55,4440,52,0,1238.73873873874
2020-2021,2020-11-30,22,68,4960,60,0,1370.96774193548
2020-2021,2020-12-07,23,48,3627,40,0,1323.40777502068
2020-2021,2020-12-14,24,57,4062,49,0,1403.24963072378
2020-2021,2020-12-21,25,39,3428,35,0,1137.68961493582
2020-2021,2020-12-28,26,28,2611,27,0,1072.38605898123
2020-2021,2021-01-04,27,28,2290,27,0,1222.70742358079
2020-2021,2021-01-11,28,26,2081,25,0,1249.39932724652
2020-2021,2021-01-18,29,30,2239,29,0,1339.88387673068
2020-2021,2021-01-25,30,29,2011,26,0,1442.06862257583
2020-2021,2021-02-01,31,40,2832,37,0,1412.42937853107
2020-2021,2021-02-08,32,42,3250,40,0,1292.30769230769
2020-2021,2021-02-15,33,50,3377,45,0,1480.60408646728
2020-2021,2021-02-22,34,45,2926,39,0,1537.93574846206
2020-2021,2021-03-01,35,48,3352,43,0,1431.98090692124
2020-2021,2021-03-08,36,57,4124,46,0,1382.15324927255
2020-2021,2021-03-15,37,59,4428,52,0,1332.42999096658
2020-2021,2021-03-22,38,94,6252,79,0,1503.51887396033
2020-2021,2021-03-29,39,79,6033,72,0,1309.46461130449
2020-2021,2021-04-05,40,78,5531,67,0,1410.23323088049
2020-2021,2021-04-12,41,84,6025,69,0,1394.19087136929
2020-2021,2021-04-19,42,94,6047,77,0,1554.4898296676
2020-2021,2021-04-26,43,116,6849,91,0,1693.67790918382
2020-2021,2021-05-03,44,151,9006,118,0,1676.66000444148
2020-2021,2021-05-10,45,181,9903,130,0,1827.72897101888
2020-2021,2021-05-17,46,183,10339,131,0,1769.99709836541
2020-2021,2021-05-24,47,212,11534,154,0,1838.0440436969
2020-2021,2021-05-31,48,244,13009,165,0,1875.62456760704
2020-2021,2021-06-07,49,265,13353,172,0,1984.5727551861
2020-2021,2021-06-14,50,294,14489,181,0,2029.12554351577
2020-2021,2021-06-21,51,291,14273,185,0,2038.814544945
2020-2021,2021-06-28,52,298,15114,195,0,1971.68188434564
2021-2022,2021-07-05,1,244,13018,165,0,1874.32785374097
2021-2022,2021-07-12,2,191,10543,133,0,1811.62856871858
2021-2022,2021-07-19,3,133,8250,103,0,1612.12121212121
2021-2022,2021-07-26,4,108,6044,80,0,1786.89609530113
2021-2022,2021-08-02,5,89,5736,68,0,1551.60390516039
2021-2022,2021-08-09,6,76,5023,63,0,1513.04001592674
2021-2022,2021-08-16,7,52,4268,44,0,1218.36925960637
2021-2022,2021-08-23,8,46,3175,41,0,1448.8188976378
2021-2022,2021-08-30,9,46,3394,40,0,1355.33294048321
2021-2022,2021-09-06,10,37,2676,35,0,1382.66068759342
2021-2022,2021-09-13,11,53,4134,49,0,1282.05128205128
2021-2022,2021-09-20,12,87,5606,72,0,1551.90866928291
2021-2022,2021-09-27,13,181,9009,121,0,2009.10200910201
2021-2022,2021-10-04,14,190,10157,138,0,1870.63109185783
2021-2022,2021-10-11,15,243,11362,151,0,2138.70797394825
2021-2022,2021-10-18,16,325,13880,181,0,2341.49855907781
2021-2022,2021-10-25,17,361,14844,195,0,2431.95904068984
2021-2022,2021-11-01,18,406,16719,214,0,2428.37490280519
2021-2022,2021-11-08,19,501,18584,246,0,2695.86741282824
2021-2022,2021-11-15,20,541,18846,253,0,2870.6356786586
2021-2022,2021-11-22,21,632,20208,270,0,3127.47426761679
2021-2022,2021-11-29,22,572,20382,267,0,2806.39780198214
2021-2022,2021-12-06,23,397,16888,225,0,2350.78162008527
2021-2022,2021-12-13,24,552,19455,260,0,2837.31688511951
2021-2022,2021-12-20,25,375,15679,207,0,2391.73416671982
2021-2022,2021-12-27,26,352,16052,215,0,2192.87316222278
2021-2022,2022-01-03,27,265,13880,178,0,1909.22190201729
2021-2022,2022-01-10,28,179,10291,126,0,1739.38392770382
2021-2022,2022-01-17,29,125,7894,94,0,1583.48112490499
2021-2022,2022-01-24,30,110,6733,80,0,1633.74424476459
2021-2022,2022-01-31,31,127,7885,99,0,1610.65313887127
2021-2022,2022-02-07,32,153,9914,118,0,1543.2721404075
2021-2022,2022-02-14,33,174,10669,133,0,1630.89324210329
2021-2022,2022-02-21,34,154,9820,122,0,1568.22810590631
2021-2022,2022-02-28,35,169,10564,137,0,1599.77281332828
2021-2022,2022-03-07,36,170,9889,127,0,1719.08180806957
2021-2022,2022-03-14,37,177,10871,137,0,1628.1850795695
2021-2022,2022-03-21,38,171,10057,125,0,1700.30824301482
2021-2022,2022-03-28,39,198,10732,136,0,1844.94968319046
2021-2022,2022-04-04,40,185,10232,135,0,1808.05316653636
2021-2022,2022-04-11,41,167,10703,127,0,1560.31019340372
2021-2022,2022-04-18,42,156,9327,115,0,1672.56352524928
2021-2022,2022-04-25,43,148,9412,113,0,1572.46068848279
2021-2022,2022-05-02,44,174,10005,126,0,1739.13043478261
2021-2022,2022-05-09,45,187,10304,134,0,1814.82919254658
2021-2022,2022-05-16,46,204,10828,136,0,1884.00443295161
2021-2022,2022-05-23,47,174,10850,136,0,1603.6866359447
2021-2022,2022-05-30,48,189,11467,145,0,1648.20790093311
2021-2022,2022-06-06,49,136,8455,107,0,1608.51567120047
2021-2022,2022-06-13,50,156,9384,123,0,1662.40409207161
2021-2022,2022-06-20,51,125,7889,97,0,1584.48472556725
2021-2022,2022-06-27,52,177,10895,135,0,1624.59843965122
2022-2023,2022-07-04,1,140,8488,104,0,1649.38737040528
2022-2023,2022-07-11,2,121,7863,97,0,1538.85285514435
2022-2023,2022-07-18,3,117,7275,89,0,1608.24742268041
2022-2023,2022-07-25,4,95,6553,85,0,1449.71768655578
2022-2023,2022-08-01,5,75,5203,69,0,1441.47607149721
2022-2023,2022-08-08,6,56,3957,48,0,1415.21354561537
2022-2023,2022-08-15,7,75,4617,60,0,1624.43144899285
2022-2023,2022-08-22,8,79,5074,67,0,1556.95703586914
2022-2023,2022-08-29,9,59,3870,51,0,1524.54780361757
2022-2023,2022-09-05,10,70,4479,55,0,1562.84885018977
2022-2023,2022-09-12,11,120,7858,98,0,1527.1061338763
2022-2023,2022-09-19,12,207,11424,146,0,1811.97478991597
2022-2023,2022-09-26,13,242,12246,162,0,1976.15547934019
2022-2023,2022-10-03,14,275,13916,176,0,1976.14256970394
2022-2023,2022-10-10,15,314,16003,204,0,1962.13210023121
2022-2023,2022-10-17,16,401,17077,223,0,2348.18762077648
2022-2023,2022-10-24,17,469,17723,226,0,2646.27884669638
2022-2023,2022-10-31,18,510,18662,239,0,2732.82606365877
2022-2023,2022-11-07,19,752,22081,292,0,3405.6428603777
2022-2023,2022-11-14,20,1010,23692,314,0,4263.04237717373
2022-2023,2022-11-21,21,1173,24586,330,0,4771.00789066949
2022-2023,2022-11-28,22,1038,23702,324,0,4379.37726774112
2022-2023,2022-12-05,23,652,20988,286,0,3106.53706880122
2022-2023,2022-12-12,24,733,21664,293,0,3383.49335302807
2022-2023,2022-12-19,25,501,18822,251,0,2661.77876952502
2022-2023,2022-12-26,26,455,18665,247,0,2437.71765336191
2022-2023,2023-01-02,27,407,18024,231,0,2258.10031069685
2022-2023,2023-01-09,28,393,17187,215,0,2286.61197416652
2022-2023,2023-01-16,29,347,16994,215,0,2041.89714016712
2022-2023,2023-01-23,30,317,15850,198,0,2000
2022-2023,2023-01-30,31,360,16010,199,0,2248.59462835728
2022-2023,2023-02-06,32,295,15097,183,0,1954.03060210638
2022-2023,2023-02-13,33,298,14596,186,0,2041.65524801315
2022-2023,2023-02-20,34,307,14533,188,0,2112.43377141678
2022-2023,2023-02-27,35,256,13296,171,0,1925.39109506619
2022-2023,2023-03-06,36,210,12108,149,0,1734.39048562934
2022-2023,2023-03-13,37,235,12399,150,0,1895.31413823695
2022-2023,2023-03-20,38,200,12770,148,0,1566.17071260767
2022-2023,2023-03-27,39,175,10545,133,0,1659.55429113324
2022-2023,2023-04-03,40,139,9137,105,0,1521.28707453212
2022-2023,2023-04-10,41,172,10473,126,0,1642.31834240428
2022-2023,2023-04-17,42,157,9404,116,0,1669.50233943003
2022-2023,2023-04-24,43,139,8620,107,0,1612.52900232019
2022-2023,2023-05-01,44,146,9036,112,0,1615.7591854803
2022-2023,2023-05-08,45,151,9681,114,0,1559.75622353063
2022-2023,2023-05-15,46,139,9031,107,0,1539.14295205404
2022-2023,2023-05-22,47,125,8743,106,0,1429.71520073201
2022-2023,2023-05-29,48,117,8047,96,0,1453.95799676898
2022-2023,2023-06-05,49,98,6346,79,0,1544.27986132997
2022-2023,2023-06-12,50,66,4748,59,0,1390.05897219882
2022-2023,2023-06-19,51,66,5110,61,0,1291.58512720157
2022-2023,2023-06-26,52,77,5645,68,0,1364.03897254207
2023-2024,2023-07-03,1,63,5025,57,1,1253.73134328358
2023-2024,2023-07-10,2,57,4197,47,1,1358.11293781272
2023-2024,2023-07-17,3,47,3914,44,1,1200.8175779254
2023-2024,2023-07-24,4,50,3626,44,1,1378.92995035852
2023-2024,2023-07-31,5,50,3706,44,1,1349.16351861846
2023-2024,2023-08-07,6,49,3724,42,1,1315.78947368421
2023-2024,2023-08-14,7,59,4601,54,1,1282.32992827646
2023-2024,2023-08-21,8,51,3699,44,1,1378.75101378751
2023-2024,2023-08-28,9,44,3471,40,1,1267.64621146644
2023-2024,2023-09-04,10,67,5158,59,1,1298.95308259015
2023-2024,2023-09-11,11,85,5492,68,1,1547.70575382374
2023-2024,2023-09-18,12,182,10072,127,1,1806.98967434472
2023-2024,2023-09-25,13,231,13317,161,1,1734.62491552151
2023-2024,2023-10-02,14,189,10634,133,1,1777.31803648674
2023-2024,2023-10-09,15,206,11788,147,1,1747.53987105531
2023-2024,2023-10-16,16,211,11761,143,1,1794.06513051611
2023-2024,2023-10-23,17,214,11280,142,1,1897.16312056738
2023-2024,2023-10-30,18,223,11897,147,1,1874.42212322434
2023-2024,2023-11-06,19,274,13941,168,1,1965.42572268847
2023-2024,2023-11-13,20,340,16266,207,1,2090.24960039346
2023-2024,2023-11-20,21,389,16466,211,1,2362.44382363658
2023-2024,2023-11-27,22,489,18575,240,1,2632.57065948856
2023-2024,2023-12-04,23,364,16438,203,1,2214.38131159508
2023-2024,2023-12-11,24,577,20399,264,1,2828.57002794255
2023-2024,2023-12-18,25,375,16829,213,1,2228.29639313091
2023-2024,2023-12-25,26,317,15902,204,1,1993.45994214564
2023-2024,2024-01-01,27,335,16140,200,1,2075.58859975217
2023-2024,2024-01-08,28,251,13739,172,1,1826.9160783172
2023-2024,2024-01-15,29,160,10066,124,1,1589.50923902245
2023-2024,2024-01-22,30,176,10699,133,1,1645.01355266847
2023-2024,2024-01-29,31,239,13988,175,1,1708.60737775236
2023-2024,2024-02-05,32,205,12555,154,1,1632.81561131024
2023-2024,2024-02-12,33,275,14541,176,1,1891.20418128052
2023-2024,2024-02-19,34,274,14889,181,1,1840.28477399422
2023-2024,2024-02-26,35,276,15010,181,1,1838.77415056629
2023-2024,2024-03-04,36,317,15612,192,1,2030.48936715347
2023-2024,2024-03-11,37,339,16471,200,1,2058.16283164349
2023-2024,2024-03-18,38,275,14566,179,1,1887.95825895922
2023-2024,2024-03-25,39,217,11778,149,1,1842.41806758363
2023-2024,2024-04-01,40,248,14002,171,1,1771.17554635052
2023-2024,2024-04-08,41,205,12002,148,1,1708.04865855691
2023-2024,2024-04-15,42,182,10716,134,1,1698.39492347891
2023-2024,2024-04-22,43,192,11519,142,1,1666.81135515236
2023-2024,2024-04-29,44,144,9362,110,1,1538.13287759026
2023-2024,2024-05-06,45,161,9285,111,1,1733.97953688745
2023-2024,2024-05-13,46,141,9873,115,1,1428.13734427226
2023-2024,2024-05-20,47,118,8174,100,1,1443.60166381209
2023-2024,2024-05-27,48,129,8287,99,1,1556.65500181006
2023-2024,2024-06-03,49,115,7492,88,1,1534.97063534437
2023-2024,2024-06-10,50,99,6475,78,1,1528.95752895753
2023-2024,2024-06-17,51,102,7380,88,1,1382.11382113821
2023-2024,2024-06-24,52,64,4434,56,1,1443.39197113216
2024-2025,2024-07-01,1,61,4406,54,1,1384.47571493418
2024-2025,2024-07-08,2,49,4436,48,1,1104.59873760144
2024-2025,2024-07-15,3,50,3510,43,1,1424.50142450142
2024-2025,2024-07-22,4,47,3802,44,1,1236.19147816938
2024-2025,2024-07-29,5,38,3012,37,1,1261.62018592297
2024-2025,2024-08-05,6,43,3321,42,1,1294.79072568503
2024-2025,2024-08-12,7,42,3120,36,1,1346.15384615385
2024-2025,2024-08-19,8,52,4063,48,1,1279.84248092542
2024-2025,2024-08-26,9,36,3022,35,1,1191.26406353408
2024-2025,2024-09-02,10,59,4459,53,1,1323.16662928908
2024-2025,2024-09-09,11,58,5054,56,1,1147.60585674713
2024-2025,2024-09-16,12,98,6655,80,1,1472.57700976709
2024-2025,2024-09-23,13,146,9207,116,1,1585.74997284675
2024-2025,2024-09-30,14,168,10670,132,1,1574.50796626054
2024-2025,2024-10-07,15,158,9942,122,1,1589.2174612754
2024-2025,2024-10-14,16,130,8567,102,1,1517.45068285281
2024-2025,2024-10-21,17,168,10267,129,1,1636.31050939905
2024-2025,2024-10-28,18,145,8019,102,1,1808.20551190922
2024-2025,2024-11-04,19,163,9843,122,1,1655.99918723966
2024-2025,2024-11-11,20,146,9052,117,1,1612.90322580645
2024-2025,2024-11-18,21,186,11130,135,1,1671.1590296496
2024-2025,2024-11-25,22,227,13055,154,1,1738.79739563386
2024-2025,2024-12-02,23,232,12117,149,1,1914.66534620781
2024-2025,2024-12-09,24,288,14582,180,1,1975.03771773419
2024-2025,2024-12-16,25,304,15100,182,1,2013.24503311258
2024-2025,2024-12-23,26,255,13389,167,1,1904.54850997087
2024-2025,2024-12-30,27,351,17178,203,1,2043.31121201537
2024-2025,2025-01-06,28,243,13686,162,1,1775.53704515563
2024-2025,2025-01-13,29,219,11586,144,1,1890.21232522009
2024-2025,2025-01-20,30,225,12404,149,1,1813.93099000322
2024-2025,2025-01-27,31,237,13309,164,1,1780.74986851003
2024-2025,2025-02-03,32,224,13391,167,1,1672.76529012023
2024-2025,2025-02-10,33,240,14042,168,1,1709.15823956701
2024-2025,2025-02-17,34,221,12583,147,1,1756.33791623619
2024-2025,2025-02-24,35,193,12318,147,1,1566.81279428479
2024-2025,2025-03-03,36,229,12928,162,1,1771.34900990099
2024-2025,2025-03-10,37,225,12907,152,1,1743.24010227009
2024-2025,2025-03-17,38,241,13766,166,1,1750.6901060584
2024-2025,2025-03-24,39,235,14086,167,1,1668.32315774528
2024-2025,2025-03-31,40,235,12791,155,1,1837.22930185287
2024-2025,2025-04-07,41,238,13267,159,1,1793.9247757594
2024-2025,2025-04-14,42,183,11285,140,1,1621.62162162162
2024-2025,2025-04-21,43,194,11605,137,1,1671.69323567428
2024-2025,2025-04-28,44,123,8285,96,1,1484.61074230537
2024-2025,2025-05-05,45,175,10942,130,1,1599.34198501188
2024-2025,2025-05-12,46,147,9824,119,1,1496.33550488599
2024-2025,2025-05-19,47,136,8730,105,1,1557.84650630011
2024-2025,2025-05-26,48,138,9319,115,1,1480.84558429016
2024-2025,2025-06-02,49,93,6455,80,1,1440.74360960496
2024-2025,2025-06-09,50,104,7359,90,1,1413.23549395298
2024-2025,2025-06-16,51,102,7308,82,1,1395.73070607553
2024-2025,2025-06-23,52,71,5606,64,1,1266.50017838031
2025-2026,2025-07-07,1,86,5856,67,1,1468.57923497268
2025-2026,2025-07-14,2,53,3476,45,1,1524.74108170311
2025-2026,2025-07-21,3,68,5185,60,1,1311.47540983607
2025-2026,2025-07-28,4,49,3498,40,1,1400.80045740423
2025-2026,2025-08-04,5,50,3715,45,1,1345.89502018843
2025-2026,2025-08-11,6,45,3616,42,1,1244.46902654867
2025-2026,2025-08-18,7,34,2732,30,1,1244.50951683748
2025-2026,2025-08-25,8,37,2653,33,1,1394.64756879005
2025-2026,2025-09-01,9,49,3253,41,1,1506.30187519213
2025-2026,2025-09-08,10,46,3509,42,1,1310.91479053862
2025-2026,2025-09-15,11,111,7427,90,1,1494.54692338764
2025-2026,2025-09-22,12,128,8632,98,1,1482.85449490269
2025-2026,2025-09-29,13,158,10126,123,1,1560.33971953387
2025-2026,2025-10-06,14,196,11804,146,1,1660.45408336157
2025-2026,2025-10-13,15,183,10930,128,1,1674.29094236048
2025-2026,2025-10-20,16,141,9950,116,1,1417.08542713568
2025-2026,2025-10-27,17,136,9055,107,1,1501.93263390392
2025-2026,2025-11-03,18,172,10779,126,1,1595.69533351888
2025-2026,2025-11-10,19,168,9812,120,1,1712.18915613534
2025-2026,2025-11-17,20,192,11963,147,1,1604.94859149043
2025-2026,2025-11-24,21,221,13126,153,1,1683.68124333384
2025-2026,2025-12-01,22,260,14796,174,1,1757.23168423898
2025-2026,2025-12-08,23,279,14774,179,1,1888.45268715311
2025-2026,2025-12-15,24,293,15164,186,1,1932.20786072276
2025-2026,2025-12-22,25,203,12549,149,1,1617.65877759184
2025-2026,2025-12-29,26,317,15829,192,1,2002.65335776107
2025-2026,2026-01-05,27,197,12067,140,1,1632.55158697274
2025-2026,2026-01-12,28,173,11602,137,1,1491.12222030684
2025-2026,2026-01-19,29,193,11606,139,1,1662.93296570739
2025-2026,2026-01-26,30,298,15935,189,1,1870.09727016003
2025-2026,2026-02-02,31,269,14628,182,1,1838.93902105551
2025-2026,2026-02-09,32,249,14436,176,1,1724.85453034081
2025-2026,2026-02-16,33,226,13214,156,1,1710.30724988648
2025-2026,2026-02-23,34,217,13072,151,1,1660.03671970624
2025-2026,2026-03-02,35,222,13706,159,1,1619.72858602072
2025-2026,2026-03-09,36,198,12582,148,1,1573.67668097282
2025-2026,2026-03-16,37,231,12872,153,1,1794.59291485395
2025-2026,2026-03-23,38,270,14881,174,1,1814.39419393858
2025-2026,2026-03-30,39,178,11322,132,1,1572.16039568981
2025-2026,2026-04-06,40,171,10837,128,1,1577.92747070222
2025-2026,2026-04-13,41,170,10976,132,1,1548.83381924198
2025-2026,2026-04-20,42,155,9583,121,1,1617.44756339351
2025-2026,2026-04-27,43,118,7913,93,1,1491.21698470871
2025-2026,2026-05-04,44,163,11082,128,1,1470.8536365277
2025-2026,2026-05-11,45,117,8053,93,1,1452.87470507885
2025-2026,2026-05-18,46,118,8402,95,1,1404.4275172578
2025-2026,2026-05-25,47,87,6073,73,1,1432.5703935452
2025-2026,2026-06-01,48,75,5718,66,1,1311.64742917104
2025-2026,2026-06-08,49,75,6043,66,1,1241.10541121959
2025-2026,2026-06-15,50,82,5980,70,1,1371.23745819398
2025-2026,2026-06-22,51,44,3485,41,1,1262.55380200861
2025-2026,2026-06-29,52,25,1786,24,1,1399.77603583427
