campanya,codi_abs,recompte,poblacio,index_socioeconomic,sexe
VRS: Campanya 2023,0,16,15,-1,Dona
VRS: Campanya 2023,0,6,14,-1,Home
VRS: Campanya 2023,1,40,25,3,Home
VRS: Campanya 2023,1,42,23,3,Dona
VRS: Campanya 2023,2,102,61,4,Dona
VRS: Campanya 2023,2,100,58,4,Home
VRS: Campanya 2023,3,34,21,4,Home
VRS: Campanya 2023,3,44,26,4,Dona
VRS: Campanya 2023,4,160,100,4,Dona
VRS: Campanya 2023,4,160,89,4,Home
VRS: Campanya 2023,5,46,23,3,Home
VRS: Campanya 2023,5,62,40,3,Dona
VRS: Campanya 2023,7,34,25,3,Dona
VRS: Campanya 2023,7,36,24,3,Home
VRS: Campanya 2023,8,64,44,3,Dona
VRS: Campanya 2023,8,72,47,3,Home
VRS: Campanya 2023,9,120,74,3,Home
VRS: Campanya 2023,9,122,70,3,Dona
VRS: Campanya 2023,10,96,54,2,Home
VRS: Campanya 2023,10,98,58,2,Dona
VRS: Campanya 2023,11,64,35,3,Home
VRS: Campanya 2023,11,68,34,3,Dona
VRS: Campanya 2023,12,42,22,3,Home
VRS: Campanya 2023,12,34,17,3,Dona
VRS: Campanya 2023,13,284,175,4,Home
VRS: Campanya 2023,13,254,147,4,Dona
VRS: Campanya 2023,14,120,74,4,Home
VRS: Campanya 2023,14,142,84,4,Dona
VRS: Campanya 2023,15,162,96,3,Home
VRS: Campanya 2023,15,160,94,3,Dona
VRS: Campanya 2023,16,40,24,4,Home
VRS: Campanya 2023,16,44,29,4,Dona
VRS: Campanya 2023,17,74,56,3,Home
VRS: Campanya 2023,17,74,54,3,Dona
VRS: Campanya 2023,18,68,42,3,Dona
VRS: Campanya 2023,18,70,47,3,Home
VRS: Campanya 2023,19,230,135,4,Dona
VRS: Campanya 2023,19,222,130,4,Home
VRS: Campanya 2023,20,136,78,4,Home
VRS: Campanya 2023,20,158,93,4,Dona
VRS: Campanya 2023,21,174,102,2,Dona
VRS: Campanya 2023,21,178,106,2,Home
VRS: Campanya 2023,22,132,85,2,Home
VRS: Campanya 2023,22,120,77,2,Dona
VRS: Campanya 2023,23,128,81,1,Dona
VRS: Campanya 2023,23,172,100,1,Home
VRS: Campanya 2023,24,104,67,2,Home
VRS: Campanya 2023,24,78,50,2,Dona
VRS: Campanya 2023,25,172,117,1,Dona
VRS: Campanya 2023,25,162,112,1,Home
VRS: Campanya 2023,27,84,53,1,Dona
VRS: Campanya 2023,27,78,52,1,Home
VRS: Campanya 2023,28,104,70,2,Dona
VRS: Campanya 2023,28,96,59,2,Home
VRS: Campanya 2023,29,76,45,2,Dona
VRS: Campanya 2023,29,84,48,2,Home
VRS: Campanya 2023,30,92,62,2,Dona
VRS: Campanya 2023,30,114,71,2,Home
VRS: Campanya 2023,31,108,69,2,Home
VRS: Campanya 2023,31,78,52,2,Dona
VRS: Campanya 2023,32,118,76,3,Home
VRS: Campanya 2023,32,130,78,3,Dona
VRS: Campanya 2023,33,104,67,3,Home
VRS: Campanya 2023,33,88,50,3,Dona
VRS: Campanya 2023,34,82,47,4,Dona
VRS: Campanya 2023,34,102,57,4,Home
VRS: Campanya 2023,35,206,127,3,Dona
VRS: Campanya 2023,35,208,135,3,Home
VRS: Campanya 2023,36,98,62,3,Home
VRS: Campanya 2023,36,96,70,3,Dona
VRS: Campanya 2023,38,122,75,2,Dona
VRS: Campanya 2023,38,148,89,2,Home
VRS: Campanya 2023,39,114,70,1,Dona
VRS: Campanya 2023,39,142,96,1,Home
VRS: Campanya 2023,40,106,67,1,Dona
VRS: Campanya 2023,40,102,67,1,Home
VRS: Campanya 2023,41,158,96,1,Dona
VRS: Campanya 2023,41,154,92,1,Home
VRS: Campanya 2023,42,118,76,1,Dona
VRS: Campanya 2023,42,122,78,1,Home
VRS: Campanya 2023,43,192,112,1,Home
VRS: Campanya 2023,43,172,109,1,Dona
VRS: Campanya 2023,44,90,59,1,Dona
VRS: Campanya 2023,44,104,62,1,Home
VRS: Campanya 2023,45,62,42,1,Dona
VRS: Campanya 2023,45,92,53,1,Home
VRS: Campanya 2023,46,168,97,1,Home
VRS: Campanya 2023,46,164,96,1,Dona
VRS: Campanya 2023,47,126,73,2,Dona
VRS: Campanya 2023,47,116,71,2,Home
VRS: Campanya 2023,48,122,74,2,Home
VRS: Campanya 2023,48,138,84,2,Dona
VRS: Campanya 2023,49,96,56,2,Dona
VRS: Campanya 2023,49,90,51,2,Home
VRS: Campanya 2023,50,94,57,2,Dona
VRS: Campanya 2023,50,118,69,2,Home
VRS: Campanya 2023,51,94,60,2,Dona
VRS: Campanya 2023,51,128,71,2,Home
VRS: Campanya 2023,52,36,46,2,Dona
VRS: Campanya 2023,52,46,47,2,Home
VRS: Campanya 2023,53,126,74,3,Home
VRS: Campanya 2023,53,124,73,3,Dona
VRS: Campanya 2023,54,168,93,3,Home
VRS: Campanya 2023,54,114,67,3,Dona
VRS: Campanya 2023,55,162,92,3,Dona
VRS: Campanya 2023,55,150,96,3,Home
VRS: Campanya 2023,56,108,61,2,Home
VRS: Campanya 2023,56,124,69,2,Dona
VRS: Campanya 2023,59,114,70,3,Dona
VRS: Campanya 2023,59,146,81,3,Home
VRS: Campanya 2023,62,106,62,3,Home
VRS: Campanya 2023,62,94,60,3,Dona
VRS: Campanya 2023,63,118,77,4,Home
VRS: Campanya 2023,63,128,72,4,Dona
VRS: Campanya 2023,64,94,57,4,Home
VRS: Campanya 2023,64,126,73,4,Dona
VRS: Campanya 2023,65,172,107,2,Dona
VRS: Campanya 2023,65,156,100,2,Home
VRS: Campanya 2023,67,172,102,2,Dona
VRS: Campanya 2023,67,164,100,2,Home
VRS: Campanya 2023,69,90,51,4,Dona
VRS: Campanya 2023,69,116,67,4,Home
VRS: Campanya 2023,70,104,57,4,Home
VRS: Campanya 2023,70,80,45,4,Dona
VRS: Campanya 2023,71,186,111,2,Home
VRS: Campanya 2023,71,118,72,2,Dona
VRS: Campanya 2023,72,148,104,2,Dona
VRS: Campanya 2023,72,138,97,2,Home
VRS: Campanya 2023,73,98,59,2,Dona
VRS: Campanya 2023,73,102,64,2,Home
VRS: Campanya 2023,74,140,86,4,Dona
VRS: Campanya 2023,74,174,108,4,Home
VRS: Campanya 2023,75,86,52,2,Home
VRS: Campanya 2023,75,108,59,2,Dona
VRS: Campanya 2023,76,112,65,2,Dona
VRS: Campanya 2023,76,130,85,2,Home
VRS: Campanya 2023,77,114,75,2,Home
VRS: Campanya 2023,77,102,68,2,Dona
VRS: Campanya 2023,78,98,61,3,Dona
VRS: Campanya 2023,78,102,62,3,Home
VRS: Campanya 2023,79,54,36,4,Dona
VRS: Campanya 2023,79,68,47,4,Home
VRS: Campanya 2023,80,26,16,3,Home
VRS: Campanya 2023,80,24,13,3,Dona
VRS: Campanya 2023,81,46,24,3,Home
VRS: Campanya 2023,81,42,23,3,Dona
VRS: Campanya 2023,82,108,67,3,Home
VRS: Campanya 2023,82,64,45,3,Dona
VRS: Campanya 2023,83,30,18,3,Home
VRS: Campanya 2023,83,36,20,3,Dona
VRS: Campanya 2023,84,112,60,3,Home
VRS: Campanya 2023,84,98,53,3,Dona
VRS: Campanya 2023,85,210,119,3,Home
VRS: Campanya 2023,85,178,97,3,Dona
VRS: Campanya 2023,86,76,40,3,Dona
VRS: Campanya 2023,86,94,57,3,Home
VRS: Campanya 2023,87,30,17,3,Dona
VRS: Campanya 2023,87,40,23,3,Home
VRS: Campanya 2023,88,40,23,3,Home
VRS: Campanya 2023,88,44,26,3,Dona
VRS: Campanya 2023,89,116,71,3,Home
VRS: Campanya 2023,89,104,69,3,Dona
VRS: Campanya 2023,90,52,39,4,Dona
VRS: Campanya 2023,90,80,45,4,Home
VRS: Campanya 2023,91,202,132,3,Dona
VRS: Campanya 2023,91,198,118,3,Home
VRS: Campanya 2023,92,1,2,3,Dona
VRS: Campanya 2023,92,14,8,3,Home
VRS: Campanya 2023,93,74,45,3,Home
VRS: Campanya 2023,93,98,65,3,Dona
VRS: Campanya 2023,95,104,61,2,Home
VRS: Campanya 2023,95,100,62,2,Dona
VRS: Campanya 2023,96,12,7,3,Dona
VRS: Campanya 2023,96,14,9,3,Home
VRS: Campanya 2023,97,122,68,2,Dona
VRS: Campanya 2023,97,122,74,2,Home
VRS: Campanya 2023,98,100,54,3,Home
VRS: Campanya 2023,98,90,52,3,Dona
VRS: Campanya 2023,100,190,113,3,Dona
VRS: Campanya 2023,100,198,114,3,Home
VRS: Campanya 2023,101,46,30,3,Home
VRS: Campanya 2023,101,66,38,3,Dona
VRS: Campanya 2023,102,52,34,3,Dona
VRS: Campanya 2023,102,86,49,3,Home
VRS: Campanya 2023,103,82,62,3,Home
VRS: Campanya 2023,103,72,52,3,Dona
VRS: Campanya 2023,104,88,48,2,Dona
VRS: Campanya 2023,104,70,40,2,Home
VRS: Campanya 2023,105,100,53,2,Home
VRS: Campanya 2023,105,84,45,2,Dona
VRS: Campanya 2023,106,88,51,3,Home
VRS: Campanya 2023,106,58,37,3,Dona
VRS: Campanya 2023,107,32,29,4,Home
VRS: Campanya 2023,107,54,39,4,Dona
VRS: Campanya 2023,108,168,103,3,Dona
VRS: Campanya 2023,108,154,93,3,Home
VRS: Campanya 2023,109,134,83,4,Home
VRS: Campanya 2023,109,136,77,4,Dona
VRS: Campanya 2023,110,58,33,3,Home
VRS: Campanya 2023,110,46,26,3,Dona
VRS: Campanya 2023,111,98,58,3,Home
VRS: Campanya 2023,111,110,65,3,Dona
VRS: Campanya 2023,112,12,6,3,Home
VRS: Campanya 2023,112,8,5,3,Dona
VRS: Campanya 2023,113,88,49,4,Dona
VRS: Campanya 2023,113,74,45,4,Home
VRS: Campanya 2023,114,76,42,4,Dona
VRS: Campanya 2023,114,78,45,4,Home
VRS: Campanya 2023,115,172,98,3,Home
VRS: Campanya 2023,115,138,82,3,Dona
VRS: Campanya 2023,116,102,60,3,Dona
VRS: Campanya 2023,116,122,67,3,Home
VRS: Campanya 2023,117,90,56,2,Dona
VRS: Campanya 2023,117,138,81,2,Home
VRS: Campanya 2023,118,28,20,3,Dona
VRS: Campanya 2023,118,18,14,3,Home
VRS: Campanya 2023,119,348,218,4,Home
VRS: Campanya 2023,119,254,167,4,Dona
VRS: Campanya 2023,120,26,16,3,Home
VRS: Campanya 2023,120,24,15,3,Dona
VRS: Campanya 2023,121,120,64,2,Dona
VRS: Campanya 2023,121,168,92,2,Home
VRS: Campanya 2023,122,136,81,3,Home
VRS: Campanya 2023,122,112,64,3,Dona
VRS: Campanya 2023,123,110,70,2,Home
VRS: Campanya 2023,123,122,81,2,Dona
VRS: Campanya 2023,124,102,65,2,Dona
VRS: Campanya 2023,124,108,63,2,Home
VRS: Campanya 2023,125,178,106,3,Home
VRS: Campanya 2023,125,168,104,3,Dona
VRS: Campanya 2023,126,224,124,2,Dona
VRS: Campanya 2023,126,204,119,2,Home
VRS: Campanya 2023,127,74,48,3,Dona
VRS: Campanya 2023,127,72,41,3,Home
VRS: Campanya 2023,128,58,33,3,Dona
VRS: Campanya 2023,128,66,42,3,Home
VRS: Campanya 2023,129,12,7,3,Dona
VRS: Campanya 2023,129,16,8,3,Home
VRS: Campanya 2023,130,16,8,3,Dona
VRS: Campanya 2023,130,4,6,3,Home
VRS: Campanya 2023,131,50,28,3,Home
VRS: Campanya 2023,131,42,31,3,Dona
VRS: Campanya 2023,133,20,21,3,Dona
VRS: Campanya 2023,133,28,23,3,Home
VRS: Campanya 2023,134,34,23,3,Home
VRS: Campanya 2023,134,22,14,3,Dona
VRS: Campanya 2023,135,146,79,4,Dona
VRS: Campanya 2023,135,130,84,4,Home
VRS: Campanya 2023,136,158,93,4,Home
VRS: Campanya 2023,136,160,94,4,Dona
VRS: Campanya 2023,137,94,54,2,Dona
VRS: Campanya 2023,137,128,69,2,Home
VRS: Campanya 2023,138,124,76,3,Dona
VRS: Campanya 2023,138,160,88,3,Home
VRS: Campanya 2023,139,112,67,3,Home
VRS: Campanya 2023,139,104,57,3,Dona
VRS: Campanya 2023,140,92,60,4,Home
VRS: Campanya 2023,140,98,56,4,Dona
VRS: Campanya 2023,141,126,75,3,Home
VRS: Campanya 2023,141,162,86,3,Dona
VRS: Campanya 2023,142,170,105,4,Dona
VRS: Campanya 2023,142,202,126,4,Home
VRS: Campanya 2023,143,150,88,4,Home
VRS: Campanya 2023,143,88,55,4,Dona
VRS: Campanya 2023,144,132,80,4,Dona
VRS: Campanya 2023,144,128,77,4,Home
VRS: Campanya 2023,145,152,86,4,Home
VRS: Campanya 2023,145,136,79,4,Dona
VRS: Campanya 2023,146,116,63,3,Home
VRS: Campanya 2023,146,114,63,3,Dona
VRS: Campanya 2023,147,90,49,3,Home
VRS: Campanya 2023,147,76,40,3,Dona
VRS: Campanya 2023,148,120,72,4,Home
VRS: Campanya 2023,148,66,40,4,Dona
VRS: Campanya 2023,149,162,103,3,Dona
VRS: Campanya 2023,149,156,99,3,Home
VRS: Campanya 2023,150,78,49,3,Home
VRS: Campanya 2023,150,72,40,3,Dona
VRS: Campanya 2023,152,110,60,2,Home
VRS: Campanya 2023,152,104,59,2,Dona
VRS: Campanya 2023,153,88,54,3,Dona
VRS: Campanya 2023,153,110,58,3,Home
VRS: Campanya 2023,154,106,72,4,Dona
VRS: Campanya 2023,154,142,88,4,Home
VRS: Campanya 2023,155,98,55,3,Dona
VRS: Campanya 2023,155,104,55,3,Home
VRS: Campanya 2023,156,110,66,4,Home
VRS: Campanya 2023,156,126,70,4,Dona
VRS: Campanya 2023,157,82,50,4,Home
VRS: Campanya 2023,157,88,51,4,Dona
VRS: Campanya 2023,158,66,40,4,Home
VRS: Campanya 2023,158,86,49,4,Dona
VRS: Campanya 2023,159,50,29,3,Dona
VRS: Campanya 2023,159,44,30,3,Home
VRS: Campanya 2023,160,170,100,2,Dona
VRS: Campanya 2023,160,174,104,2,Home
VRS: Campanya 2023,161,206,120,3,Home
VRS: Campanya 2023,161,228,133,3,Dona
VRS: Campanya 2023,162,78,45,3,Dona
VRS: Campanya 2023,162,70,40,3,Home
VRS: Campanya 2023,163,74,43,4,Dona
VRS: Campanya 2023,163,74,42,4,Home
VRS: Campanya 2023,164,186,107,3,Home
VRS: Campanya 2023,164,156,93,3,Dona
VRS: Campanya 2023,165,74,50,3,Home
VRS: Campanya 2023,165,78,48,3,Dona
VRS: Campanya 2023,166,82,56,3,Home
VRS: Campanya 2023,166,48,45,3,Dona
VRS: Campanya 2023,167,42,23,3,Home
VRS: Campanya 2023,167,26,13,3,Dona
VRS: Campanya 2023,168,134,80,3,Home
VRS: Campanya 2023,168,82,51,3,Dona
VRS: Campanya 2023,169,16,9,3,Home
VRS: Campanya 2023,169,18,12,3,Dona
VRS: Campanya 2023,171,230,124,3,Dona
VRS: Campanya 2023,171,248,132,3,Home
VRS: Campanya 2023,172,144,92,4,Dona
VRS: Campanya 2023,172,118,69,4,Home
VRS: Campanya 2023,173,140,77,3,Dona
VRS: Campanya 2023,173,134,82,3,Home
VRS: Campanya 2023,174,36,21,3,Dona
VRS: Campanya 2023,174,28,15,3,Home
VRS: Campanya 2023,175,90,51,3,Home
VRS: Campanya 2023,175,74,45,3,Dona
VRS: Campanya 2023,177,26,17,3,Dona
VRS: Campanya 2023,177,40,26,3,Home
VRS: Campanya 2023,178,56,35,3,Dona
VRS: Campanya 2023,178,34,24,3,Home
VRS: Campanya 2023,179,24,17,3,Dona
VRS: Campanya 2023,179,28,18,3,Home
VRS: Campanya 2023,180,12,7,3,Home
VRS: Campanya 2023,180,14,11,3,Dona
VRS: Campanya 2023,181,8,5,3,Home
VRS: Campanya 2023,181,12,8,3,Dona
VRS: Campanya 2023,182,156,95,3,Home
VRS: Campanya 2023,182,102,59,3,Dona
VRS: Campanya 2023,183,154,89,3,Dona
VRS: Campanya 2023,183,144,90,3,Home
VRS: Campanya 2023,184,58,38,4,Dona
VRS: Campanya 2023,184,82,48,4,Home
VRS: Campanya 2023,185,36,25,3,Home
VRS: Campanya 2023,185,30,20,3,Dona
VRS: Campanya 2023,186,160,98,3,Home
VRS: Campanya 2023,186,150,94,3,Dona
VRS: Campanya 2023,187,92,54,3,Home
VRS: Campanya 2023,187,78,42,3,Dona
VRS: Campanya 2023,188,66,38,3,Dona
VRS: Campanya 2023,188,68,42,3,Home
VRS: Campanya 2023,189,106,84,4,Dona
VRS: Campanya 2023,189,146,96,4,Home
VRS: Campanya 2023,190,182,106,1,Home
VRS: Campanya 2023,190,166,101,1,Dona
VRS: Campanya 2023,191,112,62,3,Home
VRS: Campanya 2023,191,130,69,3,Dona
VRS: Campanya 2023,192,152,82,3,Dona
VRS: Campanya 2023,192,172,91,3,Home
VRS: Campanya 2023,193,138,76,4,Dona
VRS: Campanya 2023,193,90,50,4,Home
VRS: Campanya 2023,194,98,56,4,Home
VRS: Campanya 2023,194,106,62,4,Dona
VRS: Campanya 2023,196,154,84,3,Dona
VRS: Campanya 2023,196,172,96,3,Home
VRS: Campanya 2023,197,190,110,4,Dona
VRS: Campanya 2023,197,214,121,4,Home
VRS: Campanya 2023,198,66,44,4,Dona
VRS: Campanya 2023,198,96,54,4,Home
VRS: Campanya 2023,199,350,200,4,Home
VRS: Campanya 2023,199,278,169,4,Dona
VRS: Campanya 2023,200,54,29,3,Dona
VRS: Campanya 2023,200,22,13,3,Home
VRS: Campanya 2023,201,108,65,3,Dona
VRS: Campanya 2023,201,120,74,3,Home
VRS: Campanya 2023,202,198,114,3,Home
VRS: Campanya 2023,202,160,109,3,Dona
VRS: Campanya 2023,203,106,71,3,Dona
VRS: Campanya 2023,203,108,64,3,Home
VRS: Campanya 2023,204,70,44,4,Home
VRS: Campanya 2023,204,72,47,4,Dona
VRS: Campanya 2023,205,88,54,3,Dona
VRS: Campanya 2023,205,100,56,3,Home
VRS: Campanya 2023,206,124,73,3,Home
VRS: Campanya 2023,206,106,69,3,Dona
VRS: Campanya 2023,207,162,94,3,Dona
VRS: Campanya 2023,207,168,95,3,Home
VRS: Campanya 2023,208,172,105,3,Home
VRS: Campanya 2023,208,200,108,3,Dona
VRS: Campanya 2023,209,56,38,2,Dona
VRS: Campanya 2023,209,112,71,2,Home
VRS: Campanya 2023,210,116,66,2,Home
VRS: Campanya 2023,210,106,65,2,Dona
VRS: Campanya 2023,211,90,55,2,Dona
VRS: Campanya 2023,211,116,75,2,Home
VRS: Campanya 2023,212,30,18,3,Dona
VRS: Campanya 2023,212,50,32,3,Home
VRS: Campanya 2023,213,108,61,2,Home
VRS: Campanya 2023,213,100,61,2,Dona
VRS: Campanya 2023,214,88,51,3,Dona
VRS: Campanya 2023,214,66,41,3,Home
VRS: Campanya 2023,215,58,34,3,Home
VRS: Campanya 2023,215,76,44,3,Dona
VRS: Campanya 2023,216,138,81,1,Dona
VRS: Campanya 2023,216,134,82,1,Home
VRS: Campanya 2023,217,16,10,3,Home
VRS: Campanya 2023,217,28,14,3,Dona
VRS: Campanya 2023,218,104,76,3,Home
VRS: Campanya 2023,218,92,73,3,Dona
VRS: Campanya 2023,219,92,54,3,Dona
VRS: Campanya 2023,219,88,49,3,Home
VRS: Campanya 2023,221,96,53,3,Dona
VRS: Campanya 2023,221,90,54,3,Home
VRS: Campanya 2023,222,106,70,3,Home
VRS: Campanya 2023,222,114,67,3,Dona
VRS: Campanya 2023,223,92,64,4,Dona
VRS: Campanya 2023,223,86,51,4,Home
VRS: Campanya 2023,224,100,61,4,Dona
VRS: Campanya 2023,224,104,66,4,Home
VRS: Campanya 2023,225,84,53,3,Dona
VRS: Campanya 2023,225,106,61,3,Home
VRS: Campanya 2023,226,162,99,4,Home
VRS: Campanya 2023,226,162,92,4,Dona
VRS: Campanya 2023,228,18,10,3,Home
VRS: Campanya 2023,228,20,10,3,Dona
VRS: Campanya 2023,229,86,44,4,Home
VRS: Campanya 2023,229,46,30,4,Dona
VRS: Campanya 2023,230,116,69,3,Dona
VRS: Campanya 2023,230,112,62,3,Home
VRS: Campanya 2023,231,98,57,3,Home
VRS: Campanya 2023,231,52,34,3,Dona
VRS: Campanya 2023,232,32,19,4,Dona
VRS: Campanya 2023,232,46,27,4,Home
VRS: Campanya 2023,233,90,55,3,Home
VRS: Campanya 2023,233,58,38,3,Dona
VRS: Campanya 2023,234,124,79,4,Dona
VRS: Campanya 2023,234,152,90,4,Home
VRS: Campanya 2023,235,126,80,2,Home
VRS: Campanya 2023,235,104,71,2,Dona
VRS: Campanya 2023,236,62,38,3,Dona
VRS: Campanya 2023,236,72,40,3,Home
VRS: Campanya 2023,237,66,35,3,Dona
VRS: Campanya 2023,237,62,35,3,Home
VRS: Campanya 2023,238,82,50,2,Home
VRS: Campanya 2023,238,70,47,2,Dona
VRS: Campanya 2023,239,64,51,4,Dona
VRS: Campanya 2023,239,88,61,4,Home
VRS: Campanya 2023,240,108,86,4,Home
VRS: Campanya 2023,240,120,81,4,Dona
VRS: Campanya 2023,241,130,99,3,Dona
VRS: Campanya 2023,241,140,102,3,Home
VRS: Campanya 2023,242,74,52,2,Home
VRS: Campanya 2023,242,96,60,2,Dona
VRS: Campanya 2023,243,72,53,3,Home
VRS: Campanya 2023,243,90,62,3,Dona
VRS: Campanya 2023,244,78,56,2,Home
VRS: Campanya 2023,244,62,48,2,Dona
VRS: Campanya 2023,245,148,88,3,Dona
VRS: Campanya 2023,245,106,69,3,Home
VRS: Campanya 2023,246,56,38,3,Home
VRS: Campanya 2023,246,44,27,3,Dona
VRS: Campanya 2023,247,168,104,2,Dona
VRS: Campanya 2023,247,216,123,2,Home
VRS: Campanya 2023,248,218,123,4,Home
VRS: Campanya 2023,248,214,130,4,Dona
VRS: Campanya 2023,249,44,26,3,Home
VRS: Campanya 2023,249,48,28,3,Dona
VRS: Campanya 2023,250,162,103,3,Home
VRS: Campanya 2023,250,154,99,3,Dona
VRS: Campanya 2023,251,234,138,3,Home
VRS: Campanya 2023,251,230,135,3,Dona
VRS: Campanya 2023,252,206,122,3,Dona
VRS: Campanya 2023,252,234,143,3,Home
VRS: Campanya 2023,253,50,31,2,Dona
VRS: Campanya 2023,253,56,33,2,Home
VRS: Campanya 2023,254,84,54,3,Dona
VRS: Campanya 2023,254,80,48,3,Home
VRS: Campanya 2023,255,126,78,3,Dona
VRS: Campanya 2023,255,148,105,3,Home
VRS: Campanya 2023,256,138,91,3,Home
VRS: Campanya 2023,256,114,73,3,Dona
VRS: Campanya 2023,257,208,133,3,Home
VRS: Campanya 2023,257,234,144,3,Dona
VRS: Campanya 2023,258,102,60,3,Home
VRS: Campanya 2023,258,76,47,3,Dona
VRS: Campanya 2023,259,26,21,3,Dona
VRS: Campanya 2023,259,24,15,3,Home
VRS: Campanya 2023,260,30,24,4,Home
VRS: Campanya 2023,260,52,29,4,Dona
VRS: Campanya 2023,261,122,79,3,Home
VRS: Campanya 2023,261,108,68,3,Dona
VRS: Campanya 2023,262,76,49,4,Dona
VRS: Campanya 2023,262,62,40,4,Home
VRS: Campanya 2023,263,146,93,3,Dona
VRS: Campanya 2023,263,138,87,3,Home
VRS: Campanya 2023,265,126,81,3,Dona
VRS: Campanya 2023,265,150,85,3,Home
VRS: Campanya 2023,266,66,40,3,Dona
VRS: Campanya 2023,266,96,60,3,Home
VRS: Campanya 2023,267,62,41,3,Home
VRS: Campanya 2023,267,78,51,3,Dona
VRS: Campanya 2023,269,48,29,4,Dona
VRS: Campanya 2023,269,76,44,4,Home
VRS: Campanya 2023,271,62,44,2,Dona
VRS: Campanya 2023,271,122,75,2,Home
VRS: Campanya 2023,272,76,40,2,Home
VRS: Campanya 2023,272,50,33,2,Dona
VRS: Campanya 2023,273,84,52,2,Dona
VRS: Campanya 2023,273,54,44,2,Home
VRS: Campanya 2023,274,100,61,2,Dona
VRS: Campanya 2023,274,98,60,2,Home
VRS: Campanya 2023,275,100,64,3,Home
VRS: Campanya 2023,275,90,54,3,Dona
VRS: Campanya 2023,276,162,104,4,Dona
VRS: Campanya 2023,276,170,110,4,Home
VRS: Campanya 2023,277,112,64,4,Home
VRS: Campanya 2023,277,128,76,4,Dona
VRS: Campanya 2023,279,52,31,3,Home
VRS: Campanya 2023,279,56,31,3,Dona
VRS: Campanya 2023,280,92,57,4,Home
VRS: Campanya 2023,280,84,47,4,Dona
VRS: Campanya 2023,281,58,34,4,Dona
VRS: Campanya 2023,281,72,41,4,Home
VRS: Campanya 2023,282,106,69,3,Dona
VRS: Campanya 2023,282,106,64,3,Home
VRS: Campanya 2023,283,50,30,4,Dona
VRS: Campanya 2023,283,50,32,4,Home
VRS: Campanya 2023,284,138,82,4,Home
VRS: Campanya 2023,284,90,60,4,Dona
VRS: Campanya 2023,285,168,100,3,Dona
VRS: Campanya 2023,285,160,97,3,Home
VRS: Campanya 2023,286,104,66,2,Dona
VRS: Campanya 2023,286,112,74,2,Home
VRS: Campanya 2023,287,70,42,3,Dona
VRS: Campanya 2023,287,68,46,3,Home
VRS: Campanya 2023,288,160,93,3,Dona
VRS: Campanya 2023,288,162,96,3,Home
VRS: Campanya 2023,289,132,79,3,Dona
VRS: Campanya 2023,289,124,72,3,Home
VRS: Campanya 2023,290,182,104,4,Home
VRS: Campanya 2023,290,154,85,4,Dona
VRS: Campanya 2023,291,226,132,4,Home
VRS: Campanya 2023,291,180,108,4,Dona
VRS: Campanya 2023,292,130,76,2,Dona
VRS: Campanya 2023,292,104,62,2,Home
VRS: Campanya 2023,293,98,60,3,Home
VRS: Campanya 2023,293,132,79,3,Dona
VRS: Campanya 2023,294,170,102,4,Home
VRS: Campanya 2023,294,166,98,4,Dona
VRS: Campanya 2023,295,136,90,4,Dona
VRS: Campanya 2023,295,184,106,4,Home
VRS: Campanya 2023,296,182,111,4,Dona
VRS: Campanya 2023,296,202,112,4,Home
VRS: Campanya 2023,297,30,18,3,Dona
VRS: Campanya 2023,297,54,30,3,Home
VRS: Campanya 2023,298,54,32,4,Home
VRS: Campanya 2023,298,52,32,4,Dona
VRS: Campanya 2023,299,112,68,3,Dona
VRS: Campanya 2023,299,90,62,3,Home
VRS: Campanya 2023,300,48,34,4,Home
VRS: Campanya 2023,300,60,36,4,Dona
VRS: Campanya 2023,302,210,141,3,Home
VRS: Campanya 2023,302,184,121,3,Dona
VRS: Campanya 2023,303,116,67,4,Dona
VRS: Campanya 2023,303,100,61,4,Home
VRS: Campanya 2023,304,128,75,3,Dona
VRS: Campanya 2023,304,138,80,3,Home
VRS: Campanya 2023,305,122,75,2,Home
VRS: Campanya 2023,305,104,63,2,Dona
VRS: Campanya 2023,306,106,60,4,Home
VRS: Campanya 2023,306,112,72,4,Dona
VRS: Campanya 2023,307,186,111,4,Home
VRS: Campanya 2023,307,198,116,4,Dona
VRS: Campanya 2023,309,142,86,3,Home
VRS: Campanya 2023,309,170,103,3,Dona
VRS: Campanya 2023,310,172,98,3,Home
VRS: Campanya 2023,310,146,92,3,Dona
VRS: Campanya 2023,311,110,66,3,Dona
VRS: Campanya 2023,311,118,66,3,Home
VRS: Campanya 2023,312,118,69,4,Dona
VRS: Campanya 2023,312,102,70,4,Home
VRS: Campanya 2023,314,60,39,3,Home
VRS: Campanya 2023,314,82,48,3,Dona
VRS: Campanya 2023,315,164,105,3,Home
VRS: Campanya 2023,315,168,99,3,Dona
VRS: Campanya 2023,316,146,86,3,Home
VRS: Campanya 2023,316,78,52,3,Dona
VRS: Campanya 2023,317,140,86,3,Dona
VRS: Campanya 2023,317,126,74,3,Home
VRS: Campanya 2023,319,102,67,2,Home
VRS: Campanya 2023,319,86,52,2,Dona
VRS: Campanya 2023,320,178,104,3,Home
VRS: Campanya 2023,320,170,105,3,Dona
VRS: Campanya 2023,322,46,27,4,Dona
VRS: Campanya 2023,322,50,32,4,Home
VRS: Campanya 2023,324,36,20,3,Home
VRS: Campanya 2023,324,26,15,3,Dona
VRS: Campanya 2023,325,98,59,4,Home
VRS: Campanya 2023,325,118,74,4,Dona
VRS: Campanya 2023,326,194,117,2,Dona
VRS: Campanya 2023,326,154,103,2,Home
VRS: Campanya 2023,327,96,57,4,Dona
VRS: Campanya 2023,327,122,78,4,Home
VRS: Campanya 2023,328,62,36,4,Dona
VRS: Campanya 2023,328,52,40,4,Home
VRS: Campanya 2023,329,24,16,3,Dona
VRS: Campanya 2023,329,36,21,3,Home
VRS: Campanya 2023,330,60,40,3,Dona
VRS: Campanya 2023,330,80,47,3,Home
VRS: Campanya 2023,331,86,51,2,Home
VRS: Campanya 2023,331,72,54,2,Dona
VRS: Campanya 2023,333,20,14,3,Dona
VRS: Campanya 2023,333,32,19,3,Home
VRS: Campanya 2023,334,42,22,3,Home
VRS: Campanya 2023,334,28,20,3,Dona
VRS: Campanya 2023,335,70,53,2,Home
VRS: Campanya 2023,335,68,40,2,Dona
VRS: Campanya 2023,336,116,62,4,Home
VRS: Campanya 2023,336,94,60,4,Dona
VRS: Campanya 2023,337,48,26,3,Dona
VRS: Campanya 2023,337,68,43,3,Home
VRS: Campanya 2023,338,100,62,4,Dona
VRS: Campanya 2023,338,102,59,4,Home
VRS: Campanya 2023,339,112,83,3,Home
VRS: Campanya 2023,339,104,78,3,Dona
VRS: Campanya 2023,340,120,80,4,Dona
VRS: Campanya 2023,340,134,85,4,Home
VRS: Campanya 2023,341,130,82,4,Dona
VRS: Campanya 2023,341,146,86,4,Home
VRS: Campanya 2023,342,190,107,4,Dona
VRS: Campanya 2023,342,188,106,4,Home
VRS: Campanya 2023,343,26,15,3,Home
VRS: Campanya 2023,343,20,12,3,Dona
VRS: Campanya 2023,344,86,46,3,Home
VRS: Campanya 2023,344,56,35,3,Dona
VRS: Campanya 2023,345,136,76,3,Home
VRS: Campanya 2023,345,120,63,3,Dona
VRS: Campanya 2023,346,26,14,3,Dona
VRS: Campanya 2023,346,26,14,3,Home
VRS: Campanya 2023,347,20,13,2,Dona
VRS: Campanya 2023,347,38,25,2,Home
VRS: Campanya 2023,348,106,65,3,Dona
VRS: Campanya 2023,348,112,67,3,Home
VRS: Campanya 2023,349,102,60,3,Dona
VRS: Campanya 2023,349,110,60,3,Home
VRS: Campanya 2023,350,148,89,2,Dona
VRS: Campanya 2023,350,174,101,2,Home
VRS: Campanya 2023,351,138,80,3,Dona
VRS: Campanya 2023,351,212,127,3,Home
VRS: Campanya 2023,352,76,52,4,Dona
VRS: Campanya 2023,352,64,42,4,Home
VRS: Campanya 2023,353,64,41,2,Dona
VRS: Campanya 2023,353,42,30,2,Home
VRS: Campanya 2023,354,22,13,2,Dona
VRS: Campanya 2023,354,60,34,2,Home
VRS: Campanya 2023,355,54,32,2,Home
VRS: Campanya 2023,355,38,24,2,Dona
VRS: Campanya 2023,356,144,84,3,Home
VRS: Campanya 2023,356,172,100,3,Dona
VRS: Campanya 2023,357,132,80,3,Dona
VRS: Campanya 2023,357,116,77,3,Home
VRS: Campanya 2023,358,144,78,2,Home
VRS: Campanya 2023,358,86,61,2,Dona
VRS: Campanya 2023,359,174,112,3,Home
VRS: Campanya 2023,359,132,90,3,Dona
VRS: Campanya 2023,360,178,107,3,Home
VRS: Campanya 2023,360,140,94,3,Dona
VRS: Campanya 2023,361,110,69,2,Dona
VRS: Campanya 2023,361,96,58,2,Home
VRS: Campanya 2023,362,82,48,2,Home
VRS: Campanya 2023,362,52,31,2,Dona
VRS: Campanya 2023,363,66,35,1,Home
VRS: Campanya 2023,363,56,36,1,Dona
VRS: Campanya 2023,364,64,41,2,Home
VRS: Campanya 2023,364,66,42,2,Dona
VRS: Campanya 2023,365,160,96,3,Dona
VRS: Campanya 2023,365,146,97,3,Home
VRS: Campanya 2023,366,106,71,2,Dona
VRS: Campanya 2023,366,130,87,2,Home
VRS: Campanya 2023,367,58,31,2,Home
VRS: Campanya 2023,367,72,40,2,Dona
VRS: Campanya 2023,368,126,79,4,Dona
VRS: Campanya 2023,368,166,93,4,Home
VRS: Campanya 2023,369,84,59,2,Home
VRS: Campanya 2023,369,80,51,2,Dona
VRS: Campanya 2023,370,40,26,3,Dona
VRS: Campanya 2023,370,50,33,3,Home
VRS: Campanya 2023,371,168,97,3,Home
VRS: Campanya 2023,371,122,77,3,Dona
VRS: Campanya 2023,372,104,59,3,Dona
VRS: Campanya 2023,372,122,69,3,Home
VRS: Campanya 2023,373,24,14,2,Dona
VRS: Campanya 2023,373,20,13,2,Home
VRS: Campanya 2023,374,104,64,3,Home
VRS: Campanya 2023,374,132,82,3,Dona
VRS: Campanya 2023,375,84,50,3,Home
VRS: Campanya 2023,375,80,47,3,Dona
VRS: Campanya 2023,376,110,64,3,Dona
VRS: Campanya 2023,376,120,70,3,Home
VRS: Campanya 2023,377,64,43,3,Home
VRS: Campanya 2023,377,60,33,3,Dona
VRS: Campanya 2023,378,94,60,3,Dona
VRS: Campanya 2023,378,86,52,3,Home
VRS: Campanya 2023,379,100,61,3,Dona
VRS: Campanya 2023,379,124,72,3,Home
VRS: Campanya 2023,380,90,62,3,Home
VRS: Campanya 2023,380,88,53,3,Dona
VRS: Campanya 2023,383,98,58,3,Dona
VRS: Campanya 2023,383,74,49,3,Home
VRS: Campanya 2023,384,82,47,3,Home
VRS: Campanya 2023,384,72,42,3,Dona
VRS: Campanya 2023,385,124,76,3,Home
VRS: Campanya 2023,385,108,63,3,Dona
VRS: Campanya 2023,386,114,64,3,Dona
VRS: Campanya 2023,386,88,48,3,Home
VRS: Campanya 2023,387,64,34,3,Dona
VRS: Campanya 2023,387,88,49,3,Home
VRS: Campanya 2023,388,154,93,1,Dona
VRS: Campanya 2023,388,112,72,1,Home
VRS: Campanya 2023,389,110,68,1,Home
VRS: Campanya 2023,389,118,68,1,Dona
VRS: Campanya 2023,390,204,124,1,Home
VRS: Campanya 2023,390,200,127,1,Dona
VRS: Campanya 2023,391,52,36,3,Dona
VRS: Campanya 2023,391,56,34,3,Home
VRS: Campanya 2023,392,124,70,3,Home
VRS: Campanya 2023,392,76,46,3,Dona
VRS: Campanya 2023,393,94,68,3,Home
VRS: Campanya 2023,393,80,51,3,Dona
VRS: Campanya 2023,394,70,53,3,Home
VRS: Campanya 2023,394,122,82,3,Dona
VRS: Campanya 2023,395,154,86,2,Home
VRS: Campanya 2023,395,176,105,2,Dona
VRS: Campanya 2023,396,114,69,2,Home
VRS: Campanya 2023,396,128,75,2,Dona
VRS: Campanya 2023,397,64,52,3,Home
VRS: Campanya 2023,397,78,67,3,Dona
VRS: Campanya 2023,398,148,95,3,Home
VRS: Campanya 2023,398,132,98,3,Dona
VRS: Campanya 2023,399,72,41,-1,Dona
VRS: Campanya 2023,399,50,34,-1,Home
VRS: Campanya 2023,400,120,75,3,Dona
VRS: Campanya 2023,400,144,88,3,Home
VRS: Campanya 2023,401,124,75,3,Home
VRS: Campanya 2023,401,102,56,3,Dona
VRS: Campanya 2023,402,76,50,3,Home
VRS: Campanya 2023,402,100,51,3,Dona
VRS: Campanya 2023,403,122,77,3,Dona
VRS: Campanya 2023,403,138,78,3,Home
VRS: Campanya 2023,404,124,71,-1,Dona
VRS: Campanya 2023,404,130,71,-1,Home
VRS: Campanya 2023,405,56,38,-1,Home
VRS: Campanya 2023,405,80,54,-1,Dona
VRS: Campanya 2023,406,66,56,-1,Dona
VRS: Campanya 2023,406,112,76,-1,Home
VRS: Campanya 2023,408,68,39,-1,Home
VRS: Campanya 2023,408,52,30,-1,Dona
VRS: Campanya 2024,0,36,22,-1,Dona
VRS: Campanya 2024,0,46,26,-1,Home
VRS: Campanya 2024,1,40,21,3,Home
VRS: Campanya 2024,1,62,32,3,Dona
VRS: Campanya 2024,2,118,60,4,Dona
VRS: Campanya 2024,2,120,60,4,Home
VRS: Campanya 2024,3,68,36,4,Home
VRS: Campanya 2024,3,48,26,4,Dona
VRS: Campanya 2024,4,156,88,4,Home
VRS: Campanya 2024,4,156,87,4,Dona
VRS: Campanya 2024,5,66,36,3,Home
VRS: Campanya 2024,5,100,52,3,Dona
VRS: Campanya 2024,7,54,31,3,Home
VRS: Campanya 2024,7,34,20,3,Dona
VRS: Campanya 2024,8,82,46,3,Dona
VRS: Campanya 2024,8,64,39,3,Home
VRS: Campanya 2024,9,128,69,3,Home
VRS: Campanya 2024,9,118,65,3,Dona
VRS: Campanya 2024,10,86,51,2,Dona
VRS: Campanya 2024,10,120,68,2,Home
VRS: Campanya 2024,11,74,40,3,Dona
VRS: Campanya 2024,11,58,33,3,Home
VRS: Campanya 2024,12,22,11,3,Dona
VRS: Campanya 2024,12,18,9,3,Home
VRS: Campanya 2024,13,260,149,4,Dona
VRS: Campanya 2024,13,242,151,4,Home
VRS: Campanya 2024,14,176,105,4,Home
VRS: Campanya 2024,14,108,64,4,Dona
VRS: Campanya 2024,15,194,110,3,Home
VRS: Campanya 2024,15,162,91,3,Dona
VRS: Campanya 2024,16,48,29,4,Home
VRS: Campanya 2024,16,38,24,4,Dona
VRS: Campanya 2024,17,108,59,3,Home
VRS: Campanya 2024,17,104,56,3,Dona
VRS: Campanya 2024,18,78,40,3,Home
VRS: Campanya 2024,18,50,30,3,Dona
VRS: Campanya 2024,19,236,124,4,Dona
VRS: Campanya 2024,19,222,122,4,Home
VRS: Campanya 2024,20,160,86,4,Dona
VRS: Campanya 2024,20,162,90,4,Home
VRS: Campanya 2024,21,200,109,2,Home
VRS: Campanya 2024,21,160,85,2,Dona
VRS: Campanya 2024,22,118,68,2,Dona
VRS: Campanya 2024,22,150,87,2,Home
VRS: Campanya 2024,23,160,91,1,Dona
VRS: Campanya 2024,23,216,116,1,Home
VRS: Campanya 2024,24,72,44,2,Dona
VRS: Campanya 2024,24,70,43,2,Home
VRS: Campanya 2024,25,188,103,1,Dona
VRS: Campanya 2024,25,196,106,1,Home
VRS: Campanya 2024,27,118,63,1,Home
VRS: Campanya 2024,27,92,59,1,Dona
VRS: Campanya 2024,28,128,67,2,Home
VRS: Campanya 2024,28,124,67,2,Dona
VRS: Campanya 2024,29,96,49,2,Home
VRS: Campanya 2024,29,94,49,2,Dona
VRS: Campanya 2024,30,128,73,2,Dona
VRS: Campanya 2024,30,130,71,2,Home
VRS: Campanya 2024,31,122,73,2,Dona
VRS: Campanya 2024,31,148,78,2,Home
VRS: Campanya 2024,32,162,84,3,Dona
VRS: Campanya 2024,32,130,72,3,Home
VRS: Campanya 2024,33,102,54,3,Dona
VRS: Campanya 2024,33,130,70,3,Home
VRS: Campanya 2024,34,106,60,4,Dona
VRS: Campanya 2024,34,96,50,4,Home
VRS: Campanya 2024,35,148,84,3,Dona
VRS: Campanya 2024,35,206,115,3,Home
VRS: Campanya 2024,36,114,73,3,Dona
VRS: Campanya 2024,36,154,85,3,Home
VRS: Campanya 2024,38,128,70,2,Home
VRS: Campanya 2024,38,150,87,2,Dona
VRS: Campanya 2024,39,156,86,1,Home
VRS: Campanya 2024,39,146,80,1,Dona
VRS: Campanya 2024,40,76,45,1,Dona
VRS: Campanya 2024,40,98,55,1,Home
VRS: Campanya 2024,41,170,93,1,Dona
VRS: Campanya 2024,41,152,90,1,Home
VRS: Campanya 2024,42,162,88,1,Dona
VRS: Campanya 2024,42,184,101,1,Home
VRS: Campanya 2024,43,234,125,1,Home
VRS: Campanya 2024,43,242,133,1,Dona
VRS: Campanya 2024,44,140,79,1,Dona
VRS: Campanya 2024,44,126,75,1,Home
VRS: Campanya 2024,45,88,50,1,Home
VRS: Campanya 2024,45,78,47,1,Dona
VRS: Campanya 2024,46,196,108,1,Home
VRS: Campanya 2024,46,178,96,1,Dona
VRS: Campanya 2024,47,192,101,2,Home
VRS: Campanya 2024,47,148,82,2,Dona
VRS: Campanya 2024,48,138,84,2,Dona
VRS: Campanya 2024,48,144,80,2,Home
VRS: Campanya 2024,49,116,62,2,Home
VRS: Campanya 2024,49,108,62,2,Dona
VRS: Campanya 2024,50,120,63,2,Dona
VRS: Campanya 2024,50,116,64,2,Home
VRS: Campanya 2024,51,128,70,2,Home
VRS: Campanya 2024,51,120,66,2,Dona
VRS: Campanya 2024,52,110,58,2,Home
VRS: Campanya 2024,52,108,63,2,Dona
VRS: Campanya 2024,53,100,54,3,Home
VRS: Campanya 2024,53,122,65,3,Dona
VRS: Campanya 2024,54,188,95,3,Dona
VRS: Campanya 2024,54,148,81,3,Home
VRS: Campanya 2024,55,150,81,3,Home
VRS: Campanya 2024,55,174,93,3,Dona
VRS: Campanya 2024,56,108,57,2,Home
VRS: Campanya 2024,56,118,69,2,Dona
VRS: Campanya 2024,59,150,77,3,Home
VRS: Campanya 2024,59,168,90,3,Dona
VRS: Campanya 2024,62,90,48,3,Dona
VRS: Campanya 2024,62,110,58,3,Home
VRS: Campanya 2024,63,114,59,4,Home
VRS: Campanya 2024,63,100,56,4,Dona
VRS: Campanya 2024,64,122,65,4,Home
VRS: Campanya 2024,64,126,67,4,Dona
VRS: Campanya 2024,65,182,103,2,Dona
VRS: Campanya 2024,65,216,119,2,Home
VRS: Campanya 2024,67,216,119,2,Dona
VRS: Campanya 2024,67,184,98,2,Home
VRS: Campanya 2024,69,98,52,4,Home
VRS: Campanya 2024,69,74,38,4,Dona
VRS: Campanya 2024,70,78,44,4,Dona
VRS: Campanya 2024,70,96,55,4,Home
VRS: Campanya 2024,71,172,95,2,Home
VRS: Campanya 2024,71,154,88,2,Dona
VRS: Campanya 2024,72,152,86,2,Dona
VRS: Campanya 2024,72,158,95,2,Home
VRS: Campanya 2024,73,150,78,2,Home
VRS: Campanya 2024,73,142,78,2,Dona
VRS: Campanya 2024,74,188,98,4,Dona
VRS: Campanya 2024,74,158,86,4,Home
VRS: Campanya 2024,75,88,46,2,Dona
VRS: Campanya 2024,75,98,61,2,Home
VRS: Campanya 2024,76,126,69,2,Dona
VRS: Campanya 2024,76,108,63,2,Home
VRS: Campanya 2024,77,136,73,2,Dona
VRS: Campanya 2024,77,114,58,2,Home
VRS: Campanya 2024,78,110,57,3,Dona
VRS: Campanya 2024,78,114,59,3,Home
VRS: Campanya 2024,79,80,47,4,Home
VRS: Campanya 2024,79,92,50,4,Dona
VRS: Campanya 2024,80,26,13,3,Home
VRS: Campanya 2024,80,28,14,3,Dona
VRS: Campanya 2024,81,54,28,3,Home
VRS: Campanya 2024,81,54,30,3,Dona
VRS: Campanya 2024,82,134,73,3,Home
VRS: Campanya 2024,82,136,71,3,Dona
VRS: Campanya 2024,83,22,14,3,Dona
VRS: Campanya 2024,83,32,17,3,Home
VRS: Campanya 2024,84,90,49,3,Home
VRS: Campanya 2024,84,98,55,3,Dona
VRS: Campanya 2024,85,182,101,3,Dona
VRS: Campanya 2024,85,226,119,3,Home
VRS: Campanya 2024,86,84,44,3,Dona
VRS: Campanya 2024,86,84,42,3,Home
VRS: Campanya 2024,87,40,20,3,Dona
VRS: Campanya 2024,87,54,30,3,Home
VRS: Campanya 2024,88,50,27,3,Home
VRS: Campanya 2024,88,46,26,3,Dona
VRS: Campanya 2024,89,136,72,3,Dona
VRS: Campanya 2024,89,104,58,3,Home
VRS: Campanya 2024,90,104,56,4,Dona
VRS: Campanya 2024,90,82,44,4,Home
VRS: Campanya 2024,91,214,112,3,Home
VRS: Campanya 2024,91,176,95,3,Dona
VRS: Campanya 2024,92,12,7,3,Dona
VRS: Campanya 2024,92,12,8,3,Home
VRS: Campanya 2024,93,82,47,3,Dona
VRS: Campanya 2024,93,110,60,3,Home
VRS: Campanya 2024,95,84,44,2,Dona
VRS: Campanya 2024,95,114,64,2,Home
VRS: Campanya 2024,96,22,12,3,Dona
VRS: Campanya 2024,96,22,11,3,Home
VRS: Campanya 2024,97,80,43,2,Dona
VRS: Campanya 2024,97,160,90,2,Home
VRS: Campanya 2024,98,94,50,3,Dona
VRS: Campanya 2024,98,84,47,3,Home
VRS: Campanya 2024,100,210,111,3,Dona
VRS: Campanya 2024,100,180,96,3,Home
VRS: Campanya 2024,101,44,26,3,Dona
VRS: Campanya 2024,101,44,27,3,Home
VRS: Campanya 2024,102,74,40,3,Home
VRS: Campanya 2024,102,68,37,3,Dona
VRS: Campanya 2024,103,98,54,3,Dona
VRS: Campanya 2024,103,108,65,3,Home
VRS: Campanya 2024,104,110,56,2,Home
VRS: Campanya 2024,104,94,48,2,Dona
VRS: Campanya 2024,105,114,61,2,Home
VRS: Campanya 2024,105,76,41,2,Dona
VRS: Campanya 2024,106,58,32,3,Home
VRS: Campanya 2024,106,88,47,3,Dona
VRS: Campanya 2024,107,60,34,4,Home
VRS: Campanya 2024,107,62,38,4,Dona
VRS: Campanya 2024,108,174,91,3,Dona
VRS: Campanya 2024,108,158,85,3,Home
VRS: Campanya 2024,109,172,91,4,Dona
VRS: Campanya 2024,109,174,94,4,Home
VRS: Campanya 2024,110,72,42,3,Home
VRS: Campanya 2024,110,58,32,3,Dona
VRS: Campanya 2024,111,130,66,3,Home
VRS: Campanya 2024,111,82,43,3,Dona
VRS: Campanya 2024,112,4,4,3,Home
VRS: Campanya 2024,112,10,5,3,Dona
VRS: Campanya 2024,113,86,47,4,Home
VRS: Campanya 2024,113,78,43,4,Dona
VRS: Campanya 2024,114,66,35,4,Dona
VRS: Campanya 2024,114,100,55,4,Home
VRS: Campanya 2024,115,182,102,3,Home
VRS: Campanya 2024,115,146,82,3,Dona
VRS: Campanya 2024,116,98,49,3,Home
VRS: Campanya 2024,116,94,47,3,Dona
VRS: Campanya 2024,117,118,72,2,Dona
VRS: Campanya 2024,117,120,66,2,Home
VRS: Campanya 2024,118,40,21,3,Dona
VRS: Campanya 2024,118,36,18,3,Home
VRS: Campanya 2024,119,302,164,4,Home
VRS: Campanya 2024,119,328,181,4,Dona
VRS: Campanya 2024,120,16,9,3,Home
VRS: Campanya 2024,120,16,9,3,Dona
VRS: Campanya 2024,121,170,91,2,Home
VRS: Campanya 2024,121,130,65,2,Dona
VRS: Campanya 2024,122,88,50,3,Home
VRS: Campanya 2024,122,98,51,3,Dona
VRS: Campanya 2024,123,146,79,2,Dona
VRS: Campanya 2024,123,134,78,2,Home
VRS: Campanya 2024,124,144,83,2,Home
VRS: Campanya 2024,124,104,60,2,Dona
VRS: Campanya 2024,125,214,116,3,Dona
VRS: Campanya 2024,125,254,134,3,Home
VRS: Campanya 2024,126,206,112,2,Home
VRS: Campanya 2024,126,244,131,2,Dona
VRS: Campanya 2024,127,82,47,3,Dona
VRS: Campanya 2024,127,82,46,3,Home
VRS: Campanya 2024,128,72,41,3,Home
VRS: Campanya 2024,128,58,31,3,Dona
VRS: Campanya 2024,129,6,3,3,Dona
VRS: Campanya 2024,129,16,9,3,Home
VRS: Campanya 2024,130,18,10,3,Dona
VRS: Campanya 2024,130,10,6,3,Home
VRS: Campanya 2024,131,54,30,3,Dona
VRS: Campanya 2024,131,52,31,3,Home
VRS: Campanya 2024,133,54,29,3,Dona
VRS: Campanya 2024,133,42,23,3,Home
VRS: Campanya 2024,134,28,14,3,Home
VRS: Campanya 2024,134,30,17,3,Dona
VRS: Campanya 2024,135,170,91,4,Dona
VRS: Campanya 2024,135,146,75,4,Home
VRS: Campanya 2024,136,156,84,4,Dona
VRS: Campanya 2024,136,182,94,4,Home
VRS: Campanya 2024,137,114,60,2,Dona
VRS: Campanya 2024,137,150,79,2,Home
VRS: Campanya 2024,138,154,86,3,Home
VRS: Campanya 2024,138,152,81,3,Dona
VRS: Campanya 2024,139,128,66,3,Home
VRS: Campanya 2024,139,90,48,3,Dona
VRS: Campanya 2024,140,88,46,4,Dona
VRS: Campanya 2024,140,110,56,4,Home
VRS: Campanya 2024,141,124,68,3,Home
VRS: Campanya 2024,141,170,87,3,Dona
VRS: Campanya 2024,142,202,115,4,Dona
VRS: Campanya 2024,142,228,127,4,Home
VRS: Campanya 2024,143,88,51,4,Dona
VRS: Campanya 2024,143,150,79,4,Home
VRS: Campanya 2024,144,138,77,4,Dona
VRS: Campanya 2024,144,142,76,4,Home
VRS: Campanya 2024,145,140,75,4,Dona
VRS: Campanya 2024,145,176,94,4,Home
VRS: Campanya 2024,146,138,74,3,Dona
VRS: Campanya 2024,146,126,67,3,Home
VRS: Campanya 2024,147,82,42,3,Dona
VRS: Campanya 2024,147,78,42,3,Home
VRS: Campanya 2024,148,124,65,4,Dona
VRS: Campanya 2024,148,114,60,4,Home
VRS: Campanya 2024,149,182,94,3,Dona
VRS: Campanya 2024,149,216,113,3,Home
VRS: Campanya 2024,150,62,33,3,Dona
VRS: Campanya 2024,150,80,41,3,Home
VRS: Campanya 2024,152,98,56,2,Home
VRS: Campanya 2024,152,94,51,2,Dona
VRS: Campanya 2024,153,116,61,3,Home
VRS: Campanya 2024,153,96,51,3,Dona
VRS: Campanya 2024,154,114,69,4,Home
VRS: Campanya 2024,154,106,62,4,Dona
VRS: Campanya 2024,155,94,51,3,Home
VRS: Campanya 2024,155,104,55,3,Dona
VRS: Campanya 2024,156,116,64,4,Dona
VRS: Campanya 2024,156,108,60,4,Home
VRS: Campanya 2024,157,66,39,4,Dona
VRS: Campanya 2024,157,128,70,4,Home
VRS: Campanya 2024,158,72,39,4,Home
VRS: Campanya 2024,158,74,37,4,Dona
VRS: Campanya 2024,159,52,28,3,Home
VRS: Campanya 2024,159,64,34,3,Dona
VRS: Campanya 2024,160,196,99,2,Dona
VRS: Campanya 2024,160,164,85,2,Home
VRS: Campanya 2024,161,222,123,3,Home
VRS: Campanya 2024,161,228,127,3,Dona
VRS: Campanya 2024,162,66,36,3,Dona
VRS: Campanya 2024,162,100,50,3,Home
VRS: Campanya 2024,163,102,56,4,Dona
VRS: Campanya 2024,163,78,43,4,Home
VRS: Campanya 2024,164,152,88,3,Dona
VRS: Campanya 2024,164,186,97,3,Home
VRS: Campanya 2024,165,54,30,3,Dona
VRS: Campanya 2024,165,78,42,3,Home
VRS: Campanya 2024,166,104,52,3,Home
VRS: Campanya 2024,166,74,39,3,Dona
VRS: Campanya 2024,167,60,31,3,Home
VRS: Campanya 2024,167,48,25,3,Dona
VRS: Campanya 2024,168,112,60,3,Dona
VRS: Campanya 2024,168,152,79,3,Home
VRS: Campanya 2024,169,14,7,3,Dona
VRS: Campanya 2024,169,24,12,3,Home
VRS: Campanya 2024,171,218,113,3,Home
VRS: Campanya 2024,171,242,122,3,Dona
VRS: Campanya 2024,172,194,103,4,Dona
VRS: Campanya 2024,172,198,102,4,Home
VRS: Campanya 2024,173,132,70,3,Dona
VRS: Campanya 2024,173,140,71,3,Home
VRS: Campanya 2024,174,38,22,3,Home
VRS: Campanya 2024,174,22,14,3,Dona
VRS: Campanya 2024,175,62,37,3,Dona
VRS: Campanya 2024,175,98,60,3,Home
VRS: Campanya 2024,177,32,19,3,Dona
VRS: Campanya 2024,177,48,26,3,Home
VRS: Campanya 2024,178,58,33,3,Home
VRS: Campanya 2024,178,54,29,3,Dona
VRS: Campanya 2024,179,28,17,3,Home
VRS: Campanya 2024,179,38,20,3,Dona
VRS: Campanya 2024,180,6,3,3,Dona
VRS: Campanya 2024,180,16,10,3,Home
VRS: Campanya 2024,181,18,10,3,Dona
VRS: Campanya 2024,181,26,13,3,Home
VRS: Campanya 2024,182,100,54,3,Dona
VRS: Campanya 2024,182,100,52,3,Home
VRS: Campanya 2024,183,202,103,3,Home
VRS: Campanya 2024,183,196,103,3,Dona
VRS: Campanya 2024,184,76,41,4,Dona
VRS: Campanya 2024,184,54,29,4,Home
VRS: Campanya 2024,185,44,23,3,Home
VRS: Campanya 2024,185,30,15,3,Dona
VRS: Campanya 2024,186,144,84,3,Dona
VRS: Campanya 2024,186,230,126,3,Home
VRS: Campanya 2024,187,68,38,3,Dona
VRS: Campanya 2024,187,68,37,3,Home
VRS: Campanya 2024,188,110,57,3,Dona
VRS: Campanya 2024,188,92,49,3,Home
VRS: Campanya 2024,189,150,90,4,Dona
VRS: Campanya 2024,189,174,94,4,Home
VRS: Campanya 2024,190,216,109,1,Home
VRS: Campanya 2024,190,220,116,1,Dona
VRS: Campanya 2024,191,132,72,3,Home
VRS: Campanya 2024,191,122,67,3,Dona
VRS: Campanya 2024,192,180,96,3,Home
VRS: Campanya 2024,192,162,85,3,Dona
VRS: Campanya 2024,193,126,65,4,Home
VRS: Campanya 2024,193,116,63,4,Dona
VRS: Campanya 2024,194,72,37,4,Dona
VRS: Campanya 2024,194,88,48,4,Home
VRS: Campanya 2024,196,144,75,3,Home
VRS: Campanya 2024,196,148,80,3,Dona
VRS: Campanya 2024,197,190,101,4,Dona
VRS: Campanya 2024,197,240,126,4,Home
VRS: Campanya 2024,198,92,50,4,Dona
VRS: Campanya 2024,198,78,45,4,Home
VRS: Campanya 2024,199,340,183,4,Dona
VRS: Campanya 2024,199,350,182,4,Home
VRS: Campanya 2024,200,36,21,3,Home
VRS: Campanya 2024,200,34,20,3,Dona
VRS: Campanya 2024,201,172,90,3,Home
VRS: Campanya 2024,201,126,68,3,Dona
VRS: Campanya 2024,202,172,96,3,Home
VRS: Campanya 2024,202,186,99,3,Dona
VRS: Campanya 2024,203,96,52,3,Home
VRS: Campanya 2024,203,152,79,3,Dona
VRS: Campanya 2024,204,72,39,4,Home
VRS: Campanya 2024,204,76,40,4,Dona
VRS: Campanya 2024,205,124,66,3,Home
VRS: Campanya 2024,205,112,58,3,Dona
VRS: Campanya 2024,206,140,74,3,Dona
VRS: Campanya 2024,206,138,77,3,Home
VRS: Campanya 2024,207,156,94,3,Home
VRS: Campanya 2024,207,194,108,3,Dona
VRS: Campanya 2024,208,186,98,3,Home
VRS: Campanya 2024,208,190,100,3,Dona
VRS: Campanya 2024,209,106,57,2,Home
VRS: Campanya 2024,209,108,57,2,Dona
VRS: Campanya 2024,210,156,83,2,Home
VRS: Campanya 2024,210,118,67,2,Dona
VRS: Campanya 2024,211,74,37,2,Dona
VRS: Campanya 2024,211,76,41,2,Home
VRS: Campanya 2024,212,52,27,3,Home
VRS: Campanya 2024,212,38,20,3,Dona
VRS: Campanya 2024,213,122,69,2,Dona
VRS: Campanya 2024,213,112,60,2,Home
VRS: Campanya 2024,214,120,64,3,Home
VRS: Campanya 2024,214,124,66,3,Dona
VRS: Campanya 2024,215,58,29,3,Dona
VRS: Campanya 2024,215,90,49,3,Home
VRS: Campanya 2024,216,146,78,1,Home
VRS: Campanya 2024,216,116,59,1,Dona
VRS: Campanya 2024,217,22,12,3,Dona
VRS: Campanya 2024,217,28,14,3,Home
VRS: Campanya 2024,218,114,66,3,Home
VRS: Campanya 2024,218,108,59,3,Dona
VRS: Campanya 2024,219,86,49,3,Home
VRS: Campanya 2024,219,82,43,3,Dona
VRS: Campanya 2024,221,98,53,3,Dona
VRS: Campanya 2024,221,100,50,3,Home
VRS: Campanya 2024,222,130,68,3,Dona
VRS: Campanya 2024,222,124,69,3,Home
VRS: Campanya 2024,223,98,53,4,Home
VRS: Campanya 2024,223,82,45,4,Dona
VRS: Campanya 2024,224,86,50,4,Home
VRS: Campanya 2024,224,90,50,4,Dona
VRS: Campanya 2024,225,130,69,3,Home
VRS: Campanya 2024,225,142,77,3,Dona
VRS: Campanya 2024,226,184,97,4,Dona
VRS: Campanya 2024,226,188,105,4,Home
VRS: Campanya 2024,228,16,9,3,Home
VRS: Campanya 2024,228,30,15,3,Dona
VRS: Campanya 2024,229,72,38,4,Dona
VRS: Campanya 2024,229,100,51,4,Home
VRS: Campanya 2024,230,126,69,3,Home
VRS: Campanya 2024,230,126,71,3,Dona
VRS: Campanya 2024,231,78,41,3,Home
VRS: Campanya 2024,231,80,40,3,Dona
VRS: Campanya 2024,232,62,32,4,Dona
VRS: Campanya 2024,232,38,20,4,Home
VRS: Campanya 2024,233,96,49,3,Dona
VRS: Campanya 2024,233,96,57,3,Home
VRS: Campanya 2024,234,122,67,4,Home
VRS: Campanya 2024,234,146,79,4,Dona
VRS: Campanya 2024,235,112,64,2,Dona
VRS: Campanya 2024,235,118,64,2,Home
VRS: Campanya 2024,236,82,48,3,Dona
VRS: Campanya 2024,236,60,34,3,Home
VRS: Campanya 2024,237,64,33,3,Dona
VRS: Campanya 2024,237,68,39,3,Home
VRS: Campanya 2024,238,100,54,2,Dona
VRS: Campanya 2024,238,88,49,2,Home
VRS: Campanya 2024,239,120,63,4,Dona
VRS: Campanya 2024,239,108,56,4,Home
VRS: Campanya 2024,240,142,81,4,Home
VRS: Campanya 2024,240,148,84,4,Dona
VRS: Campanya 2024,241,154,80,3,Dona
VRS: Campanya 2024,241,164,86,3,Home
VRS: Campanya 2024,242,118,64,2,Home
VRS: Campanya 2024,242,98,52,2,Dona
VRS: Campanya 2024,243,78,49,3,Dona
VRS: Campanya 2024,243,90,48,3,Home
VRS: Campanya 2024,244,100,54,2,Dona
VRS: Campanya 2024,244,92,50,2,Home
VRS: Campanya 2024,245,204,110,3,Home
VRS: Campanya 2024,245,152,86,3,Dona
VRS: Campanya 2024,246,40,23,3,Home
VRS: Campanya 2024,246,32,19,3,Dona
VRS: Campanya 2024,247,256,137,2,Home
VRS: Campanya 2024,247,246,132,2,Dona
VRS: Campanya 2024,248,224,118,4,Home
VRS: Campanya 2024,248,206,111,4,Dona
VRS: Campanya 2024,249,78,43,3,Home
VRS: Campanya 2024,249,68,39,3,Dona
VRS: Campanya 2024,250,150,90,3,Dona
VRS: Campanya 2024,250,204,111,3,Home
VRS: Campanya 2024,251,212,117,3,Dona
VRS: Campanya 2024,251,268,143,3,Home
VRS: Campanya 2024,252,230,123,3,Dona
VRS: Campanya 2024,252,214,115,3,Home
VRS: Campanya 2024,253,80,44,2,Dona
VRS: Campanya 2024,253,68,35,2,Home
VRS: Campanya 2024,254,116,64,3,Dona
VRS: Campanya 2024,254,112,62,3,Home
VRS: Campanya 2024,255,176,99,3,Home
VRS: Campanya 2024,255,178,94,3,Dona
VRS: Campanya 2024,256,132,75,3,Dona
VRS: Campanya 2024,256,136,75,3,Home
VRS: Campanya 2024,257,250,137,3,Dona
VRS: Campanya 2024,257,234,134,3,Home
VRS: Campanya 2024,258,86,48,3,Home
VRS: Campanya 2024,258,84,47,3,Dona
VRS: Campanya 2024,259,42,24,3,Home
VRS: Campanya 2024,259,30,16,3,Dona
VRS: Campanya 2024,260,46,31,4,Dona
VRS: Campanya 2024,260,46,30,4,Home
VRS: Campanya 2024,261,174,95,3,Dona
VRS: Campanya 2024,261,156,85,3,Home
VRS: Campanya 2024,262,82,49,4,Home
VRS: Campanya 2024,262,72,39,4,Dona
VRS: Campanya 2024,263,130,77,3,Home
VRS: Campanya 2024,263,124,69,3,Dona
VRS: Campanya 2024,265,130,69,3,Home
VRS: Campanya 2024,265,102,58,3,Dona
VRS: Campanya 2024,266,144,73,3,Home
VRS: Campanya 2024,266,68,36,3,Dona
VRS: Campanya 2024,267,66,36,3,Home
VRS: Campanya 2024,267,56,35,3,Dona
VRS: Campanya 2024,269,70,39,4,Dona
VRS: Campanya 2024,269,60,36,4,Home
VRS: Campanya 2024,271,114,65,2,Home
VRS: Campanya 2024,271,116,64,2,Dona
VRS: Campanya 2024,272,82,43,2,Home
VRS: Campanya 2024,272,96,49,2,Dona
VRS: Campanya 2024,273,116,62,2,Home
VRS: Campanya 2024,273,82,47,2,Dona
VRS: Campanya 2024,274,138,74,2,Home
VRS: Campanya 2024,274,104,60,2,Dona
VRS: Campanya 2024,275,120,66,3,Dona
VRS: Campanya 2024,275,104,56,3,Home
VRS: Campanya 2024,276,210,115,4,Home
VRS: Campanya 2024,276,152,85,4,Dona
VRS: Campanya 2024,277,168,91,4,Dona
VRS: Campanya 2024,277,138,74,4,Home
VRS: Campanya 2024,279,62,33,3,Home
VRS: Campanya 2024,279,70,36,3,Dona
VRS: Campanya 2024,280,88,45,4,Home
VRS: Campanya 2024,280,86,45,4,Dona
VRS: Campanya 2024,281,60,33,4,Home
VRS: Campanya 2024,281,70,37,4,Dona
VRS: Campanya 2024,282,104,56,3,Home
VRS: Campanya 2024,282,104,55,3,Dona
VRS: Campanya 2024,283,62,32,4,Home
VRS: Campanya 2024,283,52,29,4,Dona
VRS: Campanya 2024,284,124,69,4,Home
VRS: Campanya 2024,284,142,76,4,Dona
VRS: Campanya 2024,285,168,90,3,Dona
VRS: Campanya 2024,285,194,102,3,Home
VRS: Campanya 2024,286,136,73,2,Dona
VRS: Campanya 2024,286,134,71,2,Home
VRS: Campanya 2024,287,96,50,3,Dona
VRS: Campanya 2024,287,98,56,3,Home
VRS: Campanya 2024,288,186,103,3,Dona
VRS: Campanya 2024,288,154,85,3,Home
VRS: Campanya 2024,289,116,67,3,Dona
VRS: Campanya 2024,289,154,86,3,Home
VRS: Campanya 2024,290,172,93,4,Dona
VRS: Campanya 2024,290,188,100,4,Home
VRS: Campanya 2024,291,214,112,4,Dona
VRS: Campanya 2024,291,246,128,4,Home
VRS: Campanya 2024,292,126,70,2,Home
VRS: Campanya 2024,292,112,60,2,Dona
VRS: Campanya 2024,293,152,82,3,Dona
VRS: Campanya 2024,293,132,71,3,Home
VRS: Campanya 2024,294,220,114,4,Dona
VRS: Campanya 2024,294,232,125,4,Home
VRS: Campanya 2024,295,164,87,4,Home
VRS: Campanya 2024,295,182,96,4,Dona
VRS: Campanya 2024,296,250,133,4,Dona
VRS: Campanya 2024,296,260,139,4,Home
VRS: Campanya 2024,297,64,32,3,Dona
VRS: Campanya 2024,297,56,29,3,Home
VRS: Campanya 2024,298,66,38,4,Home
VRS: Campanya 2024,298,64,34,4,Dona
VRS: Campanya 2024,299,120,64,3,Home
VRS: Campanya 2024,299,94,51,3,Dona
VRS: Campanya 2024,300,64,36,4,Home
VRS: Campanya 2024,300,58,32,4,Dona
VRS: Campanya 2024,302,224,122,3,Dona
VRS: Campanya 2024,302,262,140,3,Home
VRS: Campanya 2024,303,122,66,4,Dona
VRS: Campanya 2024,303,120,62,4,Home
VRS: Campanya 2024,304,154,80,3,Home
VRS: Campanya 2024,304,170,93,3,Dona
VRS: Campanya 2024,305,164,88,2,Home
VRS: Campanya 2024,305,118,62,2,Dona
VRS: Campanya 2024,306,146,81,4,Home
VRS: Campanya 2024,306,138,75,4,Dona
VRS: Campanya 2024,307,210,111,4,Home
VRS: Campanya 2024,307,184,103,4,Dona
VRS: Campanya 2024,309,202,111,3,Home
VRS: Campanya 2024,309,150,80,3,Dona
VRS: Campanya 2024,310,152,83,3,Dona
VRS: Campanya 2024,310,158,83,3,Home
VRS: Campanya 2024,311,132,69,3,Dona
VRS: Campanya 2024,311,102,54,3,Home
VRS: Campanya 2024,312,162,94,4,Dona
VRS: Campanya 2024,312,176,106,4,Home
VRS: Campanya 2024,314,88,49,3,Home
VRS: Campanya 2024,314,106,58,3,Dona
VRS: Campanya 2024,315,168,92,3,Dona
VRS: Campanya 2024,315,192,102,3,Home
VRS: Campanya 2024,316,140,71,3,Dona
VRS: Campanya 2024,316,106,56,3,Home
VRS: Campanya 2024,317,150,78,3,Home
VRS: Campanya 2024,317,110,62,3,Dona
VRS: Campanya 2024,319,124,66,2,Dona
VRS: Campanya 2024,319,144,75,2,Home
VRS: Campanya 2024,320,186,99,3,Dona
VRS: Campanya 2024,320,170,90,3,Home
VRS: Campanya 2024,322,60,34,4,Dona
VRS: Campanya 2024,322,68,34,4,Home
VRS: Campanya 2024,324,38,19,3,Home
VRS: Campanya 2024,324,16,8,3,Dona
VRS: Campanya 2024,325,132,70,4,Home
VRS: Campanya 2024,325,154,86,4,Dona
VRS: Campanya 2024,326,220,121,2,Home
VRS: Campanya 2024,326,218,119,2,Dona
VRS: Campanya 2024,327,98,56,4,Home
VRS: Campanya 2024,327,120,65,4,Dona
VRS: Campanya 2024,328,86,45,4,Dona
VRS: Campanya 2024,328,90,48,4,Home
VRS: Campanya 2024,329,36,19,3,Dona
VRS: Campanya 2024,329,40,22,3,Home
VRS: Campanya 2024,330,80,44,3,Home
VRS: Campanya 2024,330,74,43,3,Dona
VRS: Campanya 2024,331,92,54,2,Home
VRS: Campanya 2024,331,96,54,2,Dona
VRS: Campanya 2024,333,48,24,3,Home
VRS: Campanya 2024,333,44,22,3,Dona
VRS: Campanya 2024,334,36,19,3,Dona
VRS: Campanya 2024,334,72,37,3,Home
VRS: Campanya 2024,335,80,42,2,Home
VRS: Campanya 2024,335,102,57,2,Dona
VRS: Campanya 2024,336,88,47,4,Home
VRS: Campanya 2024,336,74,45,4,Dona
VRS: Campanya 2024,337,46,25,3,Dona
VRS: Campanya 2024,337,60,31,3,Home
VRS: Campanya 2024,338,88,48,4,Dona
VRS: Campanya 2024,338,128,73,4,Home
VRS: Campanya 2024,339,166,87,3,Home
VRS: Campanya 2024,339,172,94,3,Dona
VRS: Campanya 2024,340,138,73,4,Home
VRS: Campanya 2024,340,106,57,4,Dona
VRS: Campanya 2024,341,140,73,4,Home
VRS: Campanya 2024,341,102,55,4,Dona
VRS: Campanya 2024,342,182,99,4,Dona
VRS: Campanya 2024,342,220,113,4,Home
VRS: Campanya 2024,343,20,11,3,Dona
VRS: Campanya 2024,343,20,10,3,Home
VRS: Campanya 2024,344,64,35,3,Dona
VRS: Campanya 2024,344,88,44,3,Home
VRS: Campanya 2024,345,152,78,3,Dona
VRS: Campanya 2024,345,150,81,3,Home
VRS: Campanya 2024,346,28,16,3,Home
VRS: Campanya 2024,346,34,19,3,Dona
VRS: Campanya 2024,347,30,17,2,Dona
VRS: Campanya 2024,347,42,22,2,Home
VRS: Campanya 2024,348,138,78,3,Dona
VRS: Campanya 2024,348,108,60,3,Home
VRS: Campanya 2024,349,118,66,3,Dona
VRS: Campanya 2024,349,88,46,3,Home
VRS: Campanya 2024,350,200,106,2,Dona
VRS: Campanya 2024,350,180,93,2,Home
VRS: Campanya 2024,351,220,113,3,Dona
VRS: Campanya 2024,351,186,103,3,Home
VRS: Campanya 2024,352,82,42,4,Dona
VRS: Campanya 2024,352,78,43,4,Home
VRS: Campanya 2024,353,76,39,2,Home
VRS: Campanya 2024,353,78,43,2,Dona
VRS: Campanya 2024,354,40,24,2,Dona
VRS: Campanya 2024,354,42,22,2,Home
VRS: Campanya 2024,355,40,22,2,Dona
VRS: Campanya 2024,355,70,37,2,Home
VRS: Campanya 2024,356,126,71,3,Home
VRS: Campanya 2024,356,142,80,3,Dona
VRS: Campanya 2024,357,136,77,3,Home
VRS: Campanya 2024,357,154,84,3,Dona
VRS: Campanya 2024,358,110,57,2,Home
VRS: Campanya 2024,358,124,66,2,Dona
VRS: Campanya 2024,359,168,96,3,Dona
VRS: Campanya 2024,359,180,95,3,Home
VRS: Campanya 2024,360,186,100,3,Dona
VRS: Campanya 2024,360,158,81,3,Home
VRS: Campanya 2024,361,82,42,2,Dona
VRS: Campanya 2024,361,96,52,2,Home
VRS: Campanya 2024,362,86,46,2,Dona
VRS: Campanya 2024,362,86,47,2,Home
VRS: Campanya 2024,363,82,42,1,Home
VRS: Campanya 2024,363,54,28,1,Dona
VRS: Campanya 2024,364,104,53,2,Dona
VRS: Campanya 2024,364,66,35,2,Home
VRS: Campanya 2024,365,190,109,3,Home
VRS: Campanya 2024,365,150,81,3,Dona
VRS: Campanya 2024,366,150,77,2,Dona
VRS: Campanya 2024,366,108,62,2,Home
VRS: Campanya 2024,367,54,28,2,Home
VRS: Campanya 2024,367,66,34,2,Dona
VRS: Campanya 2024,368,162,91,4,Dona
VRS: Campanya 2024,368,154,82,4,Home
VRS: Campanya 2024,369,82,43,2,Home
VRS: Campanya 2024,369,118,61,2,Dona
VRS: Campanya 2024,370,60,31,3,Dona
VRS: Campanya 2024,370,66,33,3,Home
VRS: Campanya 2024,371,150,79,3,Dona
VRS: Campanya 2024,371,116,65,3,Home
VRS: Campanya 2024,372,128,68,3,Dona
VRS: Campanya 2024,372,100,54,3,Home
VRS: Campanya 2024,373,40,22,2,Home
VRS: Campanya 2024,373,32,17,2,Dona
VRS: Campanya 2024,374,134,75,3,Home
VRS: Campanya 2024,374,126,67,3,Dona
VRS: Campanya 2024,375,80,43,3,Dona
VRS: Campanya 2024,375,84,46,3,Home
VRS: Campanya 2024,376,140,72,3,Home
VRS: Campanya 2024,376,124,63,3,Dona
VRS: Campanya 2024,377,62,32,3,Dona
VRS: Campanya 2024,377,90,47,3,Home
VRS: Campanya 2024,378,88,51,3,Dona
VRS: Campanya 2024,378,106,58,3,Home
VRS: Campanya 2024,379,134,72,3,Dona
VRS: Campanya 2024,379,130,69,3,Home
VRS: Campanya 2024,380,90,46,3,Home
VRS: Campanya 2024,380,92,53,3,Dona
VRS: Campanya 2024,383,114,63,3,Dona
VRS: Campanya 2024,383,110,56,3,Home
VRS: Campanya 2024,384,98,53,3,Home
VRS: Campanya 2024,384,74,38,3,Dona
VRS: Campanya 2024,385,112,57,3,Dona
VRS: Campanya 2024,385,100,52,3,Home
VRS: Campanya 2024,386,118,60,3,Dona
VRS: Campanya 2024,386,92,52,3,Home
VRS: Campanya 2024,387,56,29,3,Dona
VRS: Campanya 2024,387,50,28,3,Home
VRS: Campanya 2024,388,158,84,1,Dona
VRS: Campanya 2024,388,188,101,1,Home
VRS: Campanya 2024,389,106,60,1,Dona
VRS: Campanya 2024,389,152,85,1,Home
VRS: Campanya 2024,390,200,109,1,Home
VRS: Campanya 2024,390,206,109,1,Dona
VRS: Campanya 2024,391,58,31,3,Dona
VRS: Campanya 2024,391,68,36,3,Home
VRS: Campanya 2024,392,82,44,3,Dona
VRS: Campanya 2024,392,74,41,3,Home
VRS: Campanya 2024,393,106,59,3,Home
VRS: Campanya 2024,393,78,49,3,Dona
VRS: Campanya 2024,394,104,56,3,Home
VRS: Campanya 2024,394,138,75,3,Dona
VRS: Campanya 2024,395,126,67,2,Dona
VRS: Campanya 2024,395,148,78,2,Home
VRS: Campanya 2024,396,104,54,2,Dona
VRS: Campanya 2024,396,114,59,2,Home
VRS: Campanya 2024,397,112,62,3,Dona
VRS: Campanya 2024,397,118,62,3,Home
VRS: Campanya 2024,398,136,75,3,Home
VRS: Campanya 2024,398,174,93,3,Dona
VRS: Campanya 2024,399,64,34,-1,Dona
VRS: Campanya 2024,399,52,29,-1,Home
VRS: Campanya 2024,400,116,62,3,Dona
VRS: Campanya 2024,400,148,80,3,Home
VRS: Campanya 2024,401,92,49,3,Dona
VRS: Campanya 2024,401,136,75,3,Home
VRS: Campanya 2024,402,90,50,3,Home
VRS: Campanya 2024,402,84,43,3,Dona
VRS: Campanya 2024,403,160,85,3,Home
VRS: Campanya 2024,403,144,77,3,Dona
VRS: Campanya 2024,404,124,71,-1,Home
VRS: Campanya 2024,404,120,68,-1,Dona
VRS: Campanya 2024,405,96,49,-1,Dona
VRS: Campanya 2024,405,76,41,-1,Home
VRS: Campanya 2024,406,112,62,-1,Dona
VRS: Campanya 2024,406,102,59,-1,Home
VRS: Campanya 2024,408,50,27,-1,Dona
VRS: Campanya 2024,408,56,30,-1,Home
VRS: Campanya 2024,409,62,32,-1,Home
VRS: Campanya 2024,409,46,24,-1,Dona
VRS: Campanya 2025,0,40,24,-1,Home
VRS: Campanya 2025,0,36,23,-1,Dona
VRS: Campanya 2025,1,26,13,3,Dona
VRS: Campanya 2025,1,44,23,3,Home
VRS: Campanya 2025,2,106,55,4,Home
VRS: Campanya 2025,2,94,50,4,Dona
VRS: Campanya 2025,3,66,34,4,Dona
VRS: Campanya 2025,3,70,37,4,Home
VRS: Campanya 2025,4,216,112,4,Home
VRS: Campanya 2025,4,140,72,4,Dona
VRS: Campanya 2025,5,76,43,3,Dona
VRS: Campanya 2025,5,92,50,3,Home
VRS: Campanya 2025,7,62,33,3,Home
VRS: Campanya 2025,7,34,18,3,Dona
VRS: Campanya 2025,8,90,48,3,Dona
VRS: Campanya 2025,8,82,43,3,Home
VRS: Campanya 2025,9,112,58,3,Dona
VRS: Campanya 2025,9,106,56,3,Home
VRS: Campanya 2025,10,70,41,2,Dona
VRS: Campanya 2025,10,80,45,2,Home
VRS: Campanya 2025,11,74,38,3,Dona
VRS: Campanya 2025,11,78,39,3,Home
VRS: Campanya 2025,12,26,14,3,Home
VRS: Campanya 2025,12,22,11,3,Dona
VRS: Campanya 2025,13,268,142,4,Home
VRS: Campanya 2025,13,250,135,4,Dona
VRS: Campanya 2025,14,178,96,4,Dona
VRS: Campanya 2025,14,180,96,4,Home
VRS: Campanya 2025,15,176,96,3,Home
VRS: Campanya 2025,15,184,102,3,Dona
VRS: Campanya 2025,16,44,23,4,Dona
VRS: Campanya 2025,16,68,36,4,Home
VRS: Campanya 2025,17,122,64,3,Home
VRS: Campanya 2025,17,82,46,3,Dona
VRS: Campanya 2025,18,80,43,3,Dona
VRS: Campanya 2025,18,90,49,3,Home
VRS: Campanya 2025,19,292,161,4,Home
VRS: Campanya 2025,19,246,128,4,Dona
VRS: Campanya 2025,20,152,84,4,Home
VRS: Campanya 2025,20,144,73,4,Dona
VRS: Campanya 2025,21,162,87,2,Dona
VRS: Campanya 2025,21,220,118,2,Home
VRS: Campanya 2025,22,132,74,2,Dona
VRS: Campanya 2025,22,172,94,2,Home
VRS: Campanya 2025,23,166,91,1,Dona
VRS: Campanya 2025,23,178,96,1,Home
VRS: Campanya 2025,24,78,42,2,Dona
VRS: Campanya 2025,24,82,43,2,Home
VRS: Campanya 2025,25,200,110,1,Dona
VRS: Campanya 2025,25,190,108,1,Home
VRS: Campanya 2025,27,84,44,1,Home
VRS: Campanya 2025,27,114,64,1,Dona
VRS: Campanya 2025,28,110,63,2,Dona
VRS: Campanya 2025,28,128,71,2,Home
VRS: Campanya 2025,29,104,58,2,Home
VRS: Campanya 2025,29,106,60,2,Dona
VRS: Campanya 2025,30,142,73,2,Dona
VRS: Campanya 2025,30,110,65,2,Home
VRS: Campanya 2025,31,136,72,2,Home
VRS: Campanya 2025,31,120,62,2,Dona
VRS: Campanya 2025,32,118,61,3,Dona
VRS: Campanya 2025,32,164,86,3,Home
VRS: Campanya 2025,33,132,68,3,Dona
VRS: Campanya 2025,33,140,74,3,Home
VRS: Campanya 2025,34,124,64,4,Dona
VRS: Campanya 2025,34,128,67,4,Home
VRS: Campanya 2025,35,228,125,3,Home
VRS: Campanya 2025,35,190,102,3,Dona
VRS: Campanya 2025,36,124,69,3,Home
VRS: Campanya 2025,36,142,77,3,Dona
VRS: Campanya 2025,38,114,62,2,Dona
VRS: Campanya 2025,38,158,87,2,Home
VRS: Campanya 2025,39,136,73,1,Dona
VRS: Campanya 2025,39,150,82,1,Home
VRS: Campanya 2025,40,140,75,1,Dona
VRS: Campanya 2025,40,108,62,1,Home
VRS: Campanya 2025,41,150,80,1,Dona
VRS: Campanya 2025,41,166,91,1,Home
VRS: Campanya 2025,42,194,113,1,Home
VRS: Campanya 2025,42,204,113,1,Dona
VRS: Campanya 2025,43,278,156,1,Home
VRS: Campanya 2025,43,280,159,1,Dona
VRS: Campanya 2025,44,140,78,1,Dona
VRS: Campanya 2025,44,162,95,1,Home
VRS: Campanya 2025,45,80,48,1,Home
VRS: Campanya 2025,45,74,40,1,Dona
VRS: Campanya 2025,46,236,124,1,Home
VRS: Campanya 2025,46,182,100,1,Dona
VRS: Campanya 2025,47,192,100,2,Home
VRS: Campanya 2025,47,164,88,2,Dona
VRS: Campanya 2025,48,144,78,2,Home
VRS: Campanya 2025,48,144,77,2,Dona
VRS: Campanya 2025,49,102,54,2,Dona
VRS: Campanya 2025,49,128,70,2,Home
VRS: Campanya 2025,50,108,61,2,Home
VRS: Campanya 2025,50,100,54,2,Dona
VRS: Campanya 2025,51,102,54,2,Home
VRS: Campanya 2025,51,122,67,2,Dona
VRS: Campanya 2025,52,108,56,2,Dona
VRS: Campanya 2025,52,112,63,2,Home
VRS: Campanya 2025,53,148,77,3,Home
VRS: Campanya 2025,53,96,49,3,Dona
VRS: Campanya 2025,54,134,77,3,Dona
VRS: Campanya 2025,54,146,79,3,Home
VRS: Campanya 2025,55,190,100,3,Dona
VRS: Campanya 2025,55,168,93,3,Home
VRS: Campanya 2025,56,96,53,2,Home
VRS: Campanya 2025,56,124,67,2,Dona
VRS: Campanya 2025,59,134,69,3,Dona
VRS: Campanya 2025,59,164,87,3,Home
VRS: Campanya 2025,62,126,66,3,Dona
VRS: Campanya 2025,62,100,53,3,Home
VRS: Campanya 2025,63,118,62,4,Home
VRS: Campanya 2025,63,126,66,4,Dona
VRS: Campanya 2025,64,104,56,4,Dona
VRS: Campanya 2025,64,126,69,4,Home
VRS: Campanya 2025,65,176,95,2,Home
VRS: Campanya 2025,65,188,99,2,Dona
VRS: Campanya 2025,67,208,109,2,Dona
VRS: Campanya 2025,67,198,107,2,Home
VRS: Campanya 2025,69,80,41,4,Home
VRS: Campanya 2025,69,88,48,4,Dona
VRS: Campanya 2025,70,92,49,4,Home
VRS: Campanya 2025,70,100,51,4,Dona
VRS: Campanya 2025,71,176,97,2,Home
VRS: Campanya 2025,71,168,89,2,Dona
VRS: Campanya 2025,72,162,86,2,Home
VRS: Campanya 2025,72,146,82,2,Dona
VRS: Campanya 2025,73,138,74,2,Dona
VRS: Campanya 2025,73,134,74,2,Home
VRS: Campanya 2025,74,150,81,4,Dona
VRS: Campanya 2025,74,196,103,4,Home
VRS: Campanya 2025,75,98,52,2,Home
VRS: Campanya 2025,75,92,50,2,Dona
VRS: Campanya 2025,76,154,85,2,Home
VRS: Campanya 2025,76,126,72,2,Dona
VRS: Campanya 2025,77,98,55,2,Home
VRS: Campanya 2025,77,106,56,2,Dona
VRS: Campanya 2025,78,100,55,3,Dona
VRS: Campanya 2025,78,80,43,3,Home
VRS: Campanya 2025,79,88,46,4,Home
VRS: Campanya 2025,79,72,39,4,Dona
VRS: Campanya 2025,80,40,21,3,Home
VRS: Campanya 2025,80,24,13,3,Dona
VRS: Campanya 2025,81,64,35,3,Dona
VRS: Campanya 2025,81,30,18,3,Home
VRS: Campanya 2025,82,98,55,3,Dona
VRS: Campanya 2025,82,134,69,3,Home
VRS: Campanya 2025,83,22,12,3,Home
VRS: Campanya 2025,83,26,20,3,Dona
VRS: Campanya 2025,84,114,60,3,Home
VRS: Campanya 2025,84,94,50,3,Dona
VRS: Campanya 2025,85,196,101,3,Dona
VRS: Campanya 2025,85,222,116,3,Home
VRS: Campanya 2025,86,106,55,3,Home
VRS: Campanya 2025,86,54,28,3,Dona
VRS: Campanya 2025,87,60,31,3,Home
VRS: Campanya 2025,87,52,26,3,Dona
VRS: Campanya 2025,88,64,35,3,Home
VRS: Campanya 2025,88,46,24,3,Dona
VRS: Campanya 2025,89,148,80,3,Dona
VRS: Campanya 2025,89,132,70,3,Home
VRS: Campanya 2025,90,92,49,4,Dona
VRS: Campanya 2025,90,82,45,4,Home
VRS: Campanya 2025,91,178,104,3,Home
VRS: Campanya 2025,91,212,121,3,Dona
VRS: Campanya 2025,92,26,15,3,Dona
VRS: Campanya 2025,92,18,9,3,Home
VRS: Campanya 2025,93,98,59,3,Dona
VRS: Campanya 2025,93,116,63,3,Home
VRS: Campanya 2025,95,140,75,2,Dona
VRS: Campanya 2025,95,132,72,2,Home
VRS: Campanya 2025,96,26,13,3,Home
VRS: Campanya 2025,96,26,13,3,Dona
VRS: Campanya 2025,97,136,75,2,Home
VRS: Campanya 2025,97,100,57,2,Dona
VRS: Campanya 2025,98,70,37,3,Dona
VRS: Campanya 2025,98,98,53,3,Home
VRS: Campanya 2025,100,244,130,3,Home
VRS: Campanya 2025,100,210,113,3,Dona
VRS: Campanya 2025,101,46,27,3,Dona
VRS: Campanya 2025,101,46,29,3,Home
VRS: Campanya 2025,102,70,39,3,Dona
VRS: Campanya 2025,102,96,49,3,Home
VRS: Campanya 2025,103,122,65,3,Home
VRS: Campanya 2025,103,88,49,3,Dona
VRS: Campanya 2025,104,98,52,2,Dona
VRS: Campanya 2025,104,110,60,2,Home
VRS: Campanya 2025,105,114,57,2,Dona
VRS: Campanya 2025,105,104,55,2,Home
VRS: Campanya 2025,106,98,53,3,Home
VRS: Campanya 2025,106,112,58,3,Dona
VRS: Campanya 2025,107,78,43,4,Home
VRS: Campanya 2025,107,72,37,4,Dona
VRS: Campanya 2025,108,178,96,3,Home
VRS: Campanya 2025,108,182,95,3,Dona
VRS: Campanya 2025,109,162,87,4,Dona
VRS: Campanya 2025,109,212,111,4,Home
VRS: Campanya 2025,110,78,40,3,Home
VRS: Campanya 2025,110,46,24,3,Dona
VRS: Campanya 2025,111,114,61,3,Dona
VRS: Campanya 2025,111,122,65,3,Home
VRS: Campanya 2025,112,6,7,3,Home
VRS: Campanya 2025,112,12,6,3,Dona
VRS: Campanya 2025,113,50,33,4,Dona
VRS: Campanya 2025,113,74,40,4,Home
VRS: Campanya 2025,114,78,42,4,Home
VRS: Campanya 2025,114,92,48,4,Dona
VRS: Campanya 2025,115,184,98,3,Dona
VRS: Campanya 2025,115,182,99,3,Home
VRS: Campanya 2025,116,94,48,3,Home
VRS: Campanya 2025,116,90,51,3,Dona
VRS: Campanya 2025,117,132,74,2,Dona
VRS: Campanya 2025,117,118,72,2,Home
VRS: Campanya 2025,118,34,20,3,Home
VRS: Campanya 2025,118,16,9,3,Dona
VRS: Campanya 2025,119,336,179,4,Home
VRS: Campanya 2025,119,330,182,4,Dona
VRS: Campanya 2025,120,30,16,3,Home
VRS: Campanya 2025,120,24,12,3,Dona
VRS: Campanya 2025,121,188,109,2,Home
VRS: Campanya 2025,121,152,90,2,Dona
VRS: Campanya 2025,122,106,56,3,Home
VRS: Campanya 2025,122,92,53,3,Dona
VRS: Campanya 2025,123,170,90,2,Home
VRS: Campanya 2025,123,164,92,2,Dona
VRS: Campanya 2025,124,126,67,2,Dona
VRS: Campanya 2025,124,158,87,2,Home
VRS: Campanya 2025,125,210,115,3,Home
VRS: Campanya 2025,125,188,103,3,Dona
VRS: Campanya 2025,126,192,101,2,Dona
VRS: Campanya 2025,126,196,104,2,Home
VRS: Campanya 2025,127,98,51,3,Dona
VRS: Campanya 2025,127,76,39,3,Home
VRS: Campanya 2025,128,98,51,3,Home
VRS: Campanya 2025,128,64,35,3,Dona
VRS: Campanya 2025,129,12,6,3,Home
VRS: Campanya 2025,129,6,3,3,Dona
VRS: Campanya 2025,130,20,11,3,Home
VRS: Campanya 2025,130,16,8,3,Dona
VRS: Campanya 2025,131,58,30,3,Dona
VRS: Campanya 2025,131,46,27,3,Home
VRS: Campanya 2025,133,46,23,3,Home
VRS: Campanya 2025,133,42,23,3,Dona
VRS: Campanya 2025,134,30,17,3,Home
VRS: Campanya 2025,134,34,20,3,Dona
VRS: Campanya 2025,135,146,79,4,Dona
VRS: Campanya 2025,135,174,89,4,Home
VRS: Campanya 2025,136,172,94,4,Dona
VRS: Campanya 2025,136,172,91,4,Home
VRS: Campanya 2025,137,134,68,2,Home
VRS: Campanya 2025,137,146,73,2,Dona
VRS: Campanya 2025,138,136,71,3,Dona
VRS: Campanya 2025,138,148,75,3,Home
VRS: Campanya 2025,139,100,52,3,Dona
VRS: Campanya 2025,139,106,54,3,Home
VRS: Campanya 2025,140,108,57,4,Home
VRS: Campanya 2025,140,110,56,4,Dona
VRS: Campanya 2025,141,180,97,3,Dona
VRS: Campanya 2025,141,168,91,3,Home
VRS: Campanya 2025,142,234,133,4,Home
VRS: Campanya 2025,142,222,120,4,Dona
VRS: Campanya 2025,143,146,79,4,Home
VRS: Campanya 2025,143,122,67,4,Dona
VRS: Campanya 2025,144,116,62,4,Home
VRS: Campanya 2025,144,142,73,4,Dona
VRS: Campanya 2025,145,140,72,4,Home
VRS: Campanya 2025,145,140,71,4,Dona
VRS: Campanya 2025,146,126,64,3,Home
VRS: Campanya 2025,146,146,74,3,Dona
VRS: Campanya 2025,147,60,32,3,Home
VRS: Campanya 2025,147,72,39,3,Dona
VRS: Campanya 2025,148,114,58,4,Home
VRS: Campanya 2025,148,132,67,4,Dona
VRS: Campanya 2025,149,186,101,3,Home
VRS: Campanya 2025,149,196,104,3,Dona
VRS: Campanya 2025,150,58,34,3,Home
VRS: Campanya 2025,150,72,38,3,Dona
VRS: Campanya 2025,152,100,51,2,Dona
VRS: Campanya 2025,152,104,60,2,Home
VRS: Campanya 2025,153,104,56,3,Home
VRS: Campanya 2025,153,84,43,3,Dona
VRS: Campanya 2025,154,134,82,4,Home
VRS: Campanya 2025,154,124,70,4,Dona
VRS: Campanya 2025,155,124,65,3,Dona
VRS: Campanya 2025,155,70,36,3,Home
VRS: Campanya 2025,156,134,71,4,Home
VRS: Campanya 2025,156,98,52,4,Dona
VRS: Campanya 2025,157,120,67,4,Dona
VRS: Campanya 2025,157,108,60,4,Home
VRS: Campanya 2025,158,112,61,4,Home
VRS: Campanya 2025,158,72,42,4,Dona
VRS: Campanya 2025,159,80,46,3,Dona
VRS: Campanya 2025,159,66,37,3,Home
VRS: Campanya 2025,160,156,83,2,Dona
VRS: Campanya 2025,160,238,128,2,Home
VRS: Campanya 2025,161,248,134,3,Dona
VRS: Campanya 2025,161,284,151,3,Home
VRS: Campanya 2025,162,74,40,3,Dona
VRS: Campanya 2025,162,118,59,3,Home
VRS: Campanya 2025,163,96,52,4,Home
VRS: Campanya 2025,163,86,47,4,Dona
VRS: Campanya 2025,164,180,99,3,Home
VRS: Campanya 2025,164,222,115,3,Dona
VRS: Campanya 2025,165,76,41,3,Home
VRS: Campanya 2025,165,62,33,3,Dona
VRS: Campanya 2025,166,70,36,3,Dona
VRS: Campanya 2025,166,76,39,3,Home
VRS: Campanya 2025,167,54,29,3,Dona
VRS: Campanya 2025,167,48,24,3,Home
VRS: Campanya 2025,168,158,82,3,Dona
VRS: Campanya 2025,168,156,83,3,Home
VRS: Campanya 2025,169,18,13,3,Dona
VRS: Campanya 2025,169,16,10,3,Home
VRS: Campanya 2025,171,308,158,3,Home
VRS: Campanya 2025,171,260,140,3,Dona
VRS: Campanya 2025,172,204,104,4,Home
VRS: Campanya 2025,172,184,97,4,Dona
VRS: Campanya 2025,173,154,78,3,Dona
VRS: Campanya 2025,173,132,70,3,Home
VRS: Campanya 2025,174,42,23,3,Dona
VRS: Campanya 2025,174,20,14,3,Home
VRS: Campanya 2025,175,72,41,3,Home
VRS: Campanya 2025,175,112,62,3,Dona
VRS: Campanya 2025,177,52,33,3,Home
VRS: Campanya 2025,177,42,22,3,Dona
VRS: Campanya 2025,178,60,31,3,Dona
VRS: Campanya 2025,178,36,20,3,Home
VRS: Campanya 2025,179,38,19,3,Home
VRS: Campanya 2025,179,26,14,3,Dona
VRS: Campanya 2025,180,14,8,3,Dona
VRS: Campanya 2025,180,24,14,3,Home
VRS: Campanya 2025,181,20,10,3,Home
VRS: Campanya 2025,181,20,11,3,Dona
VRS: Campanya 2025,182,106,58,3,Home
VRS: Campanya 2025,182,122,63,3,Dona
VRS: Campanya 2025,183,156,82,3,Home
VRS: Campanya 2025,183,170,89,3,Dona
VRS: Campanya 2025,184,78,42,4,Dona
VRS: Campanya 2025,184,82,44,4,Home
VRS: Campanya 2025,185,36,19,3,Home
VRS: Campanya 2025,185,34,18,3,Dona
VRS: Campanya 2025,186,182,100,3,Dona
VRS: Campanya 2025,186,204,113,3,Home
VRS: Campanya 2025,187,54,30,3,Dona
VRS: Campanya 2025,187,80,44,3,Home
VRS: Campanya 2025,188,70,37,3,Dona
VRS: Campanya 2025,188,80,43,3,Home
VRS: Campanya 2025,189,170,94,4,Home
VRS: Campanya 2025,189,160,88,4,Dona
VRS: Campanya 2025,190,210,109,1,Home
VRS: Campanya 2025,190,216,114,1,Dona
VRS: Campanya 2025,191,126,65,3,Dona
VRS: Campanya 2025,191,150,76,3,Home
VRS: Campanya 2025,192,196,101,3,Home
VRS: Campanya 2025,192,174,89,3,Dona
VRS: Campanya 2025,193,108,55,4,Dona
VRS: Campanya 2025,193,132,68,4,Home
VRS: Campanya 2025,194,102,53,4,Dona
VRS: Campanya 2025,194,84,42,4,Home
VRS: Campanya 2025,196,142,79,3,Home
VRS: Campanya 2025,196,140,75,3,Dona
VRS: Campanya 2025,197,240,129,4,Home
VRS: Campanya 2025,197,202,103,4,Dona
VRS: Campanya 2025,198,108,58,4,Dona
VRS: Campanya 2025,198,98,54,4,Home
VRS: Campanya 2025,199,274,143,4,Dona
VRS: Campanya 2025,199,352,184,4,Home
VRS: Campanya 2025,200,54,29,3,Dona
VRS: Campanya 2025,200,48,24,3,Home
VRS: Campanya 2025,201,126,66,3,Home
VRS: Campanya 2025,201,146,75,3,Dona
VRS: Campanya 2025,202,198,116,3,Home
VRS: Campanya 2025,202,200,118,3,Dona
VRS: Campanya 2025,203,114,66,3,Home
VRS: Campanya 2025,203,90,55,3,Dona
VRS: Campanya 2025,204,88,46,4,Home
VRS: Campanya 2025,204,72,36,4,Dona
VRS: Campanya 2025,205,138,74,3,Home
VRS: Campanya 2025,205,90,47,3,Dona
VRS: Campanya 2025,206,150,77,3,Home
VRS: Campanya 2025,206,108,57,3,Dona
VRS: Campanya 2025,207,226,121,3,Home
VRS: Campanya 2025,207,152,90,3,Dona
VRS: Campanya 2025,208,194,102,3,Home
VRS: Campanya 2025,208,178,93,3,Dona
VRS: Campanya 2025,209,94,51,2,Dona
VRS: Campanya 2025,209,116,62,2,Home
VRS: Campanya 2025,210,162,90,2,Dona
VRS: Campanya 2025,210,152,88,2,Home
VRS: Campanya 2025,211,88,45,2,Home
VRS: Campanya 2025,211,74,38,2,Dona
VRS: Campanya 2025,212,44,24,3,Dona
VRS: Campanya 2025,212,50,29,3,Home
VRS: Campanya 2025,213,110,57,2,Home
VRS: Campanya 2025,213,126,66,2,Dona
VRS: Campanya 2025,214,134,72,3,Home
VRS: Campanya 2025,214,84,47,3,Dona
VRS: Campanya 2025,215,86,46,3,Home
VRS: Campanya 2025,215,66,37,3,Dona
VRS: Campanya 2025,216,152,82,1,Home
VRS: Campanya 2025,216,102,61,1,Dona
VRS: Campanya 2025,217,24,15,3,Home
VRS: Campanya 2025,217,22,11,3,Dona
VRS: Campanya 2025,218,170,96,3,Dona
VRS: Campanya 2025,218,166,96,3,Home
VRS: Campanya 2025,219,104,54,3,Dona
VRS: Campanya 2025,219,94,49,3,Home
VRS: Campanya 2025,221,132,69,3,Home
VRS: Campanya 2025,221,86,44,3,Dona
VRS: Campanya 2025,222,134,74,3,Home
VRS: Campanya 2025,222,118,60,3,Dona
VRS: Campanya 2025,223,88,46,4,Dona
VRS: Campanya 2025,223,124,66,4,Home
VRS: Campanya 2025,224,84,46,4,Dona
VRS: Campanya 2025,224,116,62,4,Home
VRS: Campanya 2025,225,96,51,3,Home
VRS: Campanya 2025,225,112,57,3,Dona
VRS: Campanya 2025,226,180,100,4,Home
VRS: Campanya 2025,226,176,92,4,Dona
VRS: Campanya 2025,228,32,16,3,Home
VRS: Campanya 2025,228,20,11,3,Dona
VRS: Campanya 2025,229,66,34,4,Dona
VRS: Campanya 2025,229,92,48,4,Home
VRS: Campanya 2025,230,108,61,3,Dona
VRS: Campanya 2025,230,132,72,3,Home
VRS: Campanya 2025,231,88,47,3,Dona
VRS: Campanya 2025,231,96,49,3,Home
VRS: Campanya 2025,232,56,28,4,Dona
VRS: Campanya 2025,232,52,29,4,Home
VRS: Campanya 2025,233,82,51,3,Dona
VRS: Campanya 2025,233,118,66,3,Home
VRS: Campanya 2025,234,152,81,4,Home
VRS: Campanya 2025,234,146,83,4,Dona
VRS: Campanya 2025,235,144,75,2,Dona
VRS: Campanya 2025,235,104,54,2,Home
VRS: Campanya 2025,236,66,33,3,Dona
VRS: Campanya 2025,236,90,45,3,Home
VRS: Campanya 2025,237,34,17,3,Dona
VRS: Campanya 2025,237,60,33,3,Home
VRS: Campanya 2025,238,104,55,2,Home
VRS: Campanya 2025,238,110,57,2,Dona
VRS: Campanya 2025,239,90,48,4,Dona
VRS: Campanya 2025,239,120,62,4,Home
VRS: Campanya 2025,240,174,97,4,Home
VRS: Campanya 2025,240,164,88,4,Dona
VRS: Campanya 2025,241,192,106,3,Home
VRS: Campanya 2025,241,184,98,3,Dona
VRS: Campanya 2025,242,106,58,2,Dona
VRS: Campanya 2025,242,110,60,2,Home
VRS: Campanya 2025,243,78,44,3,Home
VRS: Campanya 2025,243,76,40,3,Dona
VRS: Campanya 2025,244,92,46,2,Dona
VRS: Campanya 2025,244,82,46,2,Home
VRS: Campanya 2025,245,212,111,3,Dona
VRS: Campanya 2025,245,176,96,3,Home
VRS: Campanya 2025,246,48,26,3,Home
VRS: Campanya 2025,246,74,39,3,Dona
VRS: Campanya 2025,247,270,146,2,Home
VRS: Campanya 2025,247,228,129,2,Dona
VRS: Campanya 2025,248,276,147,4,Home
VRS: Campanya 2025,248,244,128,4,Dona
VRS: Campanya 2025,249,78,41,3,Home
VRS: Campanya 2025,249,58,30,3,Dona
VRS: Campanya 2025,250,210,109,3,Home
VRS: Campanya 2025,250,174,100,3,Dona
VRS: Campanya 2025,251,230,128,3,Home
VRS: Campanya 2025,251,300,160,3,Dona
VRS: Campanya 2025,252,254,142,3,Home
VRS: Campanya 2025,252,216,115,3,Dona
VRS: Campanya 2025,253,82,44,2,Home
VRS: Campanya 2025,253,68,36,2,Dona
VRS: Campanya 2025,254,102,55,3,Home
VRS: Campanya 2025,254,116,67,3,Dona
VRS: Campanya 2025,255,206,109,3,Home
VRS: Campanya 2025,255,152,82,3,Dona
VRS: Campanya 2025,256,186,94,3,Dona
VRS: Campanya 2025,256,136,70,3,Home
VRS: Campanya 2025,257,280,148,3,Home
VRS: Campanya 2025,257,214,116,3,Dona
VRS: Campanya 2025,258,92,52,3,Dona
VRS: Campanya 2025,258,118,63,3,Home
VRS: Campanya 2025,259,52,26,3,Home
VRS: Campanya 2025,259,50,28,3,Dona
VRS: Campanya 2025,260,38,21,4,Dona
VRS: Campanya 2025,260,52,31,4,Home
VRS: Campanya 2025,261,138,79,3,Dona
VRS: Campanya 2025,261,160,85,3,Home
VRS: Campanya 2025,262,70,37,4,Dona
VRS: Campanya 2025,262,88,47,4,Home
VRS: Campanya 2025,263,166,90,3,Home
VRS: Campanya 2025,263,154,81,3,Dona
VRS: Campanya 2025,265,152,86,3,Home
VRS: Campanya 2025,265,174,92,3,Dona
VRS: Campanya 2025,266,108,61,3,Home
VRS: Campanya 2025,266,108,58,3,Dona
VRS: Campanya 2025,267,54,30,3,Dona
VRS: Campanya 2025,267,98,54,3,Home
VRS: Campanya 2025,269,72,37,4,Dona
VRS: Campanya 2025,269,96,54,4,Home
VRS: Campanya 2025,271,98,55,2,Dona
VRS: Campanya 2025,271,104,56,2,Home
VRS: Campanya 2025,272,82,43,2,Dona
VRS: Campanya 2025,272,64,34,2,Home
VRS: Campanya 2025,273,100,52,2,Dona
VRS: Campanya 2025,273,96,54,2,Home
VRS: Campanya 2025,274,96,51,2,Dona
VRS: Campanya 2025,274,130,72,2,Home
VRS: Campanya 2025,275,128,70,3,Home
VRS: Campanya 2025,275,110,62,3,Dona
VRS: Campanya 2025,276,148,88,4,Home
VRS: Campanya 2025,276,140,74,4,Dona
VRS: Campanya 2025,277,152,77,4,Home
VRS: Campanya 2025,277,114,57,4,Dona
VRS: Campanya 2025,279,74,41,3,Home
VRS: Campanya 2025,279,64,35,3,Dona
VRS: Campanya 2025,280,86,43,4,Dona
VRS: Campanya 2025,280,112,57,4,Home
VRS: Campanya 2025,281,90,48,4,Home
VRS: Campanya 2025,281,58,30,4,Dona
VRS: Campanya 2025,282,130,70,3,Home
VRS: Campanya 2025,282,88,45,3,Dona
VRS: Campanya 2025,283,70,37,4,Home
VRS: Campanya 2025,283,48,25,4,Dona
VRS: Campanya 2025,284,138,74,4,Dona
VRS: Campanya 2025,284,144,78,4,Home
VRS: Campanya 2025,285,154,85,3,Dona
VRS: Campanya 2025,285,224,121,3,Home
VRS: Campanya 2025,286,184,97,2,Dona
VRS: Campanya 2025,286,172,90,2,Home
VRS: Campanya 2025,287,64,33,3,Dona
VRS: Campanya 2025,287,102,54,3,Home
VRS: Campanya 2025,288,174,95,3,Dona
VRS: Campanya 2025,288,238,126,3,Home
VRS: Campanya 2025,289,168,97,3,Dona
VRS: Campanya 2025,289,170,90,3,Home
VRS: Campanya 2025,290,172,91,4,Dona
VRS: Campanya 2025,290,184,97,4,Home
VRS: Campanya 2025,291,208,114,4,Home
VRS: Campanya 2025,291,224,122,4,Dona
VRS: Campanya 2025,292,166,86,2,Home
VRS: Campanya 2025,292,134,72,2,Dona
VRS: Campanya 2025,293,118,61,3,Dona
VRS: Campanya 2025,293,156,81,3,Home
VRS: Campanya 2025,294,202,105,4,Home
VRS: Campanya 2025,294,164,86,4,Dona
VRS: Campanya 2025,295,218,115,4,Home
VRS: Campanya 2025,295,210,110,4,Dona
VRS: Campanya 2025,296,252,137,4,Dona
VRS: Campanya 2025,296,220,126,4,Home
VRS: Campanya 2025,297,38,19,3,Home
VRS: Campanya 2025,297,62,36,3,Dona
VRS: Campanya 2025,298,58,33,4,Dona
VRS: Campanya 2025,298,64,35,4,Home
VRS: Campanya 2025,299,112,61,3,Home
VRS: Campanya 2025,299,120,63,3,Dona
VRS: Campanya 2025,300,58,34,4,Dona
VRS: Campanya 2025,300,62,32,4,Home
VRS: Campanya 2025,302,206,105,3,Home
VRS: Campanya 2025,302,242,124,3,Dona
VRS: Campanya 2025,303,148,79,4,Home
VRS: Campanya 2025,303,84,48,4,Dona
VRS: Campanya 2025,304,174,92,3,Dona
VRS: Campanya 2025,304,228,120,3,Home
VRS: Campanya 2025,305,124,65,2,Home
VRS: Campanya 2025,305,108,60,2,Dona
VRS: Campanya 2025,306,130,72,4,Dona
VRS: Campanya 2025,306,162,89,4,Home
VRS: Campanya 2025,307,206,106,4,Home
VRS: Campanya 2025,307,154,82,4,Dona
VRS: Campanya 2025,309,218,118,3,Home
VRS: Campanya 2025,309,178,100,3,Dona
VRS: Campanya 2025,310,142,81,3,Home
VRS: Campanya 2025,310,158,89,3,Dona
VRS: Campanya 2025,311,110,60,3,Home
VRS: Campanya 2025,311,146,76,3,Dona
VRS: Campanya 2025,312,166,94,4,Dona
VRS: Campanya 2025,312,166,88,4,Home
VRS: Campanya 2025,314,82,44,3,Dona
VRS: Campanya 2025,314,82,44,3,Home
VRS: Campanya 2025,315,188,102,3,Home
VRS: Campanya 2025,315,230,119,3,Dona
VRS: Campanya 2025,316,118,62,3,Home
VRS: Campanya 2025,316,124,64,3,Dona
VRS: Campanya 2025,317,152,84,3,Dona
VRS: Campanya 2025,317,124,66,3,Home
VRS: Campanya 2025,319,122,65,2,Dona
VRS: Campanya 2025,319,120,60,2,Home
VRS: Campanya 2025,320,182,96,3,Dona
VRS: Campanya 2025,320,154,82,3,Home
VRS: Campanya 2025,322,70,36,4,Home
VRS: Campanya 2025,322,60,30,4,Dona
VRS: Campanya 2025,324,30,20,3,Home
VRS: Campanya 2025,324,40,20,3,Dona
VRS: Campanya 2025,325,114,61,4,Dona
VRS: Campanya 2025,325,146,78,4,Home
VRS: Campanya 2025,326,190,108,2,Home
VRS: Campanya 2025,326,202,110,2,Dona
VRS: Campanya 2025,327,148,81,4,Home
VRS: Campanya 2025,327,122,65,4,Dona
VRS: Campanya 2025,328,74,39,4,Dona
VRS: Campanya 2025,328,50,25,4,Home
VRS: Campanya 2025,329,50,25,3,Dona
VRS: Campanya 2025,329,46,25,3,Home
VRS: Campanya 2025,330,84,50,3,Home
VRS: Campanya 2025,330,84,45,3,Dona
VRS: Campanya 2025,331,104,58,2,Dona
VRS: Campanya 2025,331,96,54,2,Home
VRS: Campanya 2025,333,54,27,3,Home
VRS: Campanya 2025,333,36,18,3,Dona
VRS: Campanya 2025,334,46,23,3,Dona
VRS: Campanya 2025,334,52,27,3,Home
VRS: Campanya 2025,335,88,52,2,Home
VRS: Campanya 2025,335,98,53,2,Dona
VRS: Campanya 2025,336,118,63,4,Dona
VRS: Campanya 2025,336,114,62,4,Home
VRS: Campanya 2025,337,66,34,3,Home
VRS: Campanya 2025,337,58,30,3,Dona
VRS: Campanya 2025,338,122,65,4,Home
VRS: Campanya 2025,338,118,64,4,Dona
VRS: Campanya 2025,339,196,110,3,Home
VRS: Campanya 2025,339,192,101,3,Dona
VRS: Campanya 2025,340,112,61,4,Dona
VRS: Campanya 2025,340,122,70,4,Home
VRS: Campanya 2025,341,152,83,4,Dona
VRS: Campanya 2025,341,128,67,4,Home
VRS: Campanya 2025,342,180,94,4,Home
VRS: Campanya 2025,342,170,94,4,Dona
VRS: Campanya 2025,343,26,13,3,Home
VRS: Campanya 2025,343,36,18,3,Dona
VRS: Campanya 2025,344,64,34,3,Home
VRS: Campanya 2025,344,60,32,3,Dona
VRS: Campanya 2025,345,166,86,3,Dona
VRS: Campanya 2025,345,162,87,3,Home
VRS: Campanya 2025,346,28,14,3,Dona
VRS: Campanya 2025,346,36,21,3,Home
VRS: Campanya 2025,347,34,20,2,Dona
VRS: Campanya 2025,347,38,21,2,Home
VRS: Campanya 2025,348,146,77,3,Home
VRS: Campanya 2025,348,140,77,3,Dona
VRS: Campanya 2025,349,136,76,3,Home
VRS: Campanya 2025,349,110,62,3,Dona
VRS: Campanya 2025,350,164,86,2,Home
VRS: Campanya 2025,350,164,83,2,Dona
VRS: Campanya 2025,351,212,113,3,Dona
VRS: Campanya 2025,351,166,84,3,Home
VRS: Campanya 2025,352,94,47,4,Home
VRS: Campanya 2025,352,78,43,4,Dona
VRS: Campanya 2025,353,88,44,2,Dona
VRS: Campanya 2025,353,116,62,2,Home
VRS: Campanya 2025,354,40,24,2,Home
VRS: Campanya 2025,354,40,24,2,Dona
VRS: Campanya 2025,355,52,32,2,Home
VRS: Campanya 2025,355,80,41,2,Dona
VRS: Campanya 2025,356,152,86,3,Home
VRS: Campanya 2025,356,156,87,3,Dona
VRS: Campanya 2025,357,118,68,3,Home
VRS: Campanya 2025,357,156,88,3,Dona
VRS: Campanya 2025,358,138,72,2,Home
VRS: Campanya 2025,358,98,52,2,Dona
VRS: Campanya 2025,359,150,83,3,Home
VRS: Campanya 2025,359,196,103,3,Dona
VRS: Campanya 2025,360,182,101,3,Home
VRS: Campanya 2025,360,184,101,3,Dona
VRS: Campanya 2025,361,108,65,2,Home
VRS: Campanya 2025,361,132,70,2,Dona
VRS: Campanya 2025,362,82,43,2,Home
VRS: Campanya 2025,362,86,45,2,Dona
VRS: Campanya 2025,363,82,44,1,Home
VRS: Campanya 2025,363,98,50,1,Dona
VRS: Campanya 2025,364,64,35,2,Dona
VRS: Campanya 2025,364,78,43,2,Home
VRS: Campanya 2025,365,168,94,3,Dona
VRS: Campanya 2025,365,188,104,3,Home
VRS: Campanya 2025,366,130,74,2,Dona
VRS: Campanya 2025,366,156,89,2,Home
VRS: Campanya 2025,367,58,30,2,Dona
VRS: Campanya 2025,367,66,37,2,Home
VRS: Campanya 2025,368,168,88,4,Home
VRS: Campanya 2025,368,162,85,4,Dona
VRS: Campanya 2025,369,128,69,2,Dona
VRS: Campanya 2025,369,100,52,2,Home
VRS: Campanya 2025,370,68,34,3,Dona
VRS: Campanya 2025,370,74,41,3,Home
VRS: Campanya 2025,371,140,75,3,Home
VRS: Campanya 2025,371,156,82,3,Dona
VRS: Campanya 2025,372,122,63,3,Home
VRS: Campanya 2025,372,106,55,3,Dona
VRS: Campanya 2025,373,62,34,2,Dona
VRS: Campanya 2025,373,40,22,2,Home
VRS: Campanya 2025,374,128,67,3,Dona
VRS: Campanya 2025,374,150,79,3,Home
VRS: Campanya 2025,375,84,42,3,Home
VRS: Campanya 2025,375,82,44,3,Dona
VRS: Campanya 2025,376,156,79,3,Home
VRS: Campanya 2025,376,156,83,3,Dona
VRS: Campanya 2025,377,60,35,3,Home
VRS: Campanya 2025,377,56,30,3,Dona
VRS: Campanya 2025,378,88,46,3,Home
VRS: Campanya 2025,378,92,48,3,Dona
VRS: Campanya 2025,379,128,66,3,Dona
VRS: Campanya 2025,379,110,56,3,Home
VRS: Campanya 2025,380,106,59,3,Home
VRS: Campanya 2025,380,112,61,3,Dona
VRS: Campanya 2025,383,118,64,3,Home
VRS: Campanya 2025,383,102,57,3,Dona
VRS: Campanya 2025,384,68,37,3,Home
VRS: Campanya 2025,384,80,43,3,Dona
VRS: Campanya 2025,385,128,68,3,Home
VRS: Campanya 2025,385,128,66,3,Dona
VRS: Campanya 2025,386,92,52,3,Dona
VRS: Campanya 2025,386,122,64,3,Home
VRS: Campanya 2025,387,82,47,3,Home
VRS: Campanya 2025,387,76,42,3,Dona
VRS: Campanya 2025,388,164,87,1,Home
VRS: Campanya 2025,388,180,96,1,Dona
VRS: Campanya 2025,389,182,99,1,Home
VRS: Campanya 2025,389,156,85,1,Dona
VRS: Campanya 2025,390,248,129,1,Home
VRS: Campanya 2025,390,232,124,1,Dona
VRS: Campanya 2025,391,90,50,3,Home
VRS: Campanya 2025,391,94,52,3,Dona
VRS: Campanya 2025,392,80,42,3,Dona
VRS: Campanya 2025,392,128,72,3,Home
VRS: Campanya 2025,393,120,66,3,Dona
VRS: Campanya 2025,393,124,67,3,Home
VRS: Campanya 2025,394,128,69,3,Dona
VRS: Campanya 2025,394,112,62,3,Home
VRS: Campanya 2025,395,172,91,2,Dona
VRS: Campanya 2025,395,194,101,2,Home
VRS: Campanya 2025,396,124,62,2,Dona
VRS: Campanya 2025,396,138,76,2,Home
VRS: Campanya 2025,397,150,76,3,Home
VRS: Campanya 2025,397,128,64,3,Dona
VRS: Campanya 2025,398,184,96,3,Home
VRS: Campanya 2025,398,160,88,3,Dona
VRS: Campanya 2025,399,62,33,-1,Home
VRS: Campanya 2025,399,60,32,-1,Dona
VRS: Campanya 2025,400,150,80,3,Home
VRS: Campanya 2025,400,142,78,3,Dona
VRS: Campanya 2025,401,120,68,3,Home
VRS: Campanya 2025,401,160,85,3,Dona
VRS: Campanya 2025,402,102,54,3,Home
VRS: Campanya 2025,402,86,46,3,Dona
VRS: Campanya 2025,403,180,99,3,Home
VRS: Campanya 2025,403,164,83,3,Dona
VRS: Campanya 2025,404,136,74,-1,Home
VRS: Campanya 2025,404,134,74,-1,Dona
VRS: Campanya 2025,405,118,60,-1,Dona
VRS: Campanya 2025,405,120,66,-1,Home
VRS: Campanya 2025,406,136,74,-1,Home
VRS: Campanya 2025,406,116,64,-1,Dona
VRS: Campanya 2025,408,60,33,-1,Dona
VRS: Campanya 2025,408,62,32,-1,Home
VRS: Campanya 2025,409,44,22,-1,Home
VRS: Campanya 2025,409,58,30,-1,Dona
